Escuela,Latitud,Longitud
"ESC- Nº 3 ""DEL CENTENARIO""",-27.470343,-58.8399214
"ESC- Nº 2 ""DOMINGO F- SARMIENTO""",-28.5841599,-58.00719220000001
"ESC- Nº 10 ""R- DE ESCALADA DE SAN MARTÍN""",-30.0895819,-58.7821958
"ESC- Nº 402 ""GENARO BERÓN DE ASTRADA""",-27.4836397,-58.8455869
"COLEGIO POLIMODAL ""IBERÁ""",-28.5841599,-58.00719220000001
"ESC- Nº 9 ""GUSTAVO SOLANO GÓMEZ""",-27.4766082,-58.84668060000001
"ESC- Nº 11 ""DR- LISANDRO SEGOVIA""",-27.4831936,-58.836124
"ESC- Nº 290 ""DR- JUAN R- VIDAL""",-27.3702201,-58.5112662
"ESC- Nº 850 ""GDOR- JOSÉ M- DE LLANO""",-28.5841599,-58.00719220000001
"ESC- Nº 291 ""DR- EUDORO VARGAS GÓMEZ""",-28.5841599,-58.00719220000001
"ESC- Nº 299 ""JUAN ALFREDO ASUAD""",-27.4828601,-58.85188540000001
"COLEGIO ""GRAL- SAN MARTÍN""",-27.4621287,-58.841824
"ESC- Nº 4 ""MARIANO MORENO""",-27.4647336,-58.83278720000001
"ESCUELA NORMAL ""DR- JUAN PUJOL""",-27.4711277,-58.8363363
"ESC- Nº 1 ""MANUEL BELGRANO""",-28.5841599,-58.00719220000001
"ESC- TÉCNICA Nº 2 ""BERNARDINO RIVADAVIA""",-28.5841599,-58.00719220000001
"ESC- TÉCNICA Nº 1 ""JUANA MANSO""",-27.483036,-58.8273504
"ESC- Nº 607 ""BERNARDINO RIVADAVIA""",-27.4818859,-58.8294219
"ESC- Nº 7 ""ISABEL E- VERA""",-27.4775751,-58.824365
"ESC- Nº 275 ""ISIDRO E- MOREIRA""",-28.5841599,-58.00719220000001
"ESC- Nº 146 ""CRUCERO GRAL- BELGRANO""",-28.5841599,-58.00719220000001
"ESC- Nº 345 ""FRANCISCO REGIS ORTIZ""",-27.493009,-58.8013585
"ESC- COMERCIAL ""PTE- DR- ARTURO U- ILLIA""",-28.5841599,-58.00719220000001
"ESC- Nº 956 ""N- SRA- DE LA MEDALLA MILAGROSA""",-27.5064156,-58.7963034
"ESC- Nº 139 ""AMBROSIO DE ACOSTA""",-27.483282,-58.7992072
"COL- POLIM- ""CAUTIVAS CORRENTINAS""",-28.5841599,-58.00719220000001
"ESC- Nº 368 ""MAESTROS CORRENTINOS""",-27.5046422,-58.7820261
"COL- SEC- ""FRAY JOSÉ DE LA QUINTANA""",-27.5151093,-58.7904886
"ESC- SECUNDARIA ""DR- JOSÉ FCO- SOLER""",-28.5841599,-58.00719220000001
"ESC- Nº 666 ""PEDRO BENJAMÍN SERRANO""",-27.4846676,-58.7910565
"COL- SEC- ""FERNANDO PIRAGINE NIVEYRO""",-27.4491257,-58.7582896
"ESC- Nº 353 ""DR- FÉLIX MARÍA GÓMEZ""",-29.7028771,-57.090231
"COLEGIO ""MANUEL VICENTE FIGUERERO""",-27.4964794,-58.83444470000001
"ESC- Nº 34 ""EL SANTO DE LA ESPADA""",-27.4985053,-58.82648829999999
"ESC- Nº 404 ""DR- EDUARDO WILDE""",-28.5841599,-58.00719220000001
"ESC- COMERCIAL ""DR- LUIS FEDERICO LELOIR""",-27.5030331,-58.8320218
"INST- CENTRO DE EDUC- FÍSICA Nº 1 ""PROF- E- J- ROBLES""",-28.5841599,-58.00719220000001
ESCUELA TECNICA U-O-C-R-A-,-27.4876647,-58.8343782
"CDI ""RAYITO DE LUZ""",-27.4939688,-58.8288525
"CDI ""GRILLITO SALTARIN""",-27.4969007,-58.8343715
"CDI ""ARA PORA""",-27.498815,-58.827241
"ESC- Nº 444 ""SALVADOR MARÍA DÍAZ""",-27.5051322,-58.81117630000001
"ESC- ESPECIAL Nº 1 ""DRA- CAROLINA TOBAR GARCÍA""",-28.5841599,-58.00719220000001
"COL- POLIMODAL ""OLGA COSSETTINI""",-28.5841599,-58.00719220000001
"ESC- Nº 258 ""RCA-DEL PARAGUAY""",-28.5841599,-58.00719220000001
COL- SECUNDARIO DEL BARRIO ONGAY (IRUPÉ),-27.4979608,-58.8110654
"ESC- NORMAL ""JOSÉ MANUEL ESTRADA""",-27.4597545,-58.82275399999999
"ESC- Nº 808 ""DR- VICTORIANO E- MONTES""",-28.5841599,-58.00719220000001
"ESCUELA Nº 6 ""PUBLIO ESCOBAR""",-27.4659453,-58.82391579999999
"ESC- TÉCNICA ""BRIG- PEDRO FERRÉ""",-28.5841599,-58.00719220000001
"COL- POLIMODAL ""BRIG- GRAL- PEDRO FERRÉ""",-28.5841599,-58.00719220000001
"ESC- Nº 12 ""ALTE- BROWN""",-28.5841599,-58.00719220000001
ANEXO HOGAR ESCUELA,-31.39156,-64.216655
"ESC- Nº 157 ""TERCERA ORDEN S- F- DE ASIS""",-28.5841599,-58.00719220000001
"ESC- Nº 8 ""JUAN BAUTISTA ALBERDI""",-27.4717856,-58.8083622
"ESC- Nº 293 ""TTE- GRAL- DONATO ÁLVAREZ""",-28.5841599,-58.00719220000001
"ESC- Nº 430 ""PROVINCIA DE SALTA""",-25.2529539,-64.7162415
"ESC- Nº 5 ""ESPAÑA""",-27.4646897,-58.81829390000001
"ESC- Nº 14 ""DEL SESQUICENTENARIO""",-27.4682659,-58.797611
"ESC- Nº 158 ""COLEGIO ARGENTINO""",-28.5841599,-58.00719220000001
"ESC- Nº 296 ""PROF- MANUEL CABRAL (H)""",-28.5841599,-58.00719220000001
"COL- SECUNDARIO ""AGOP SEFERIAN""",-27.4728396,-58.7926406
"COL- SEC- ""EDGAR ROMERO MACIEL""",-27.4679426,-58.7976673
"COL- SEC- ""PTE- DR- RAÚL R- ALFONSÍN""",-29.0359006,-58.8637926
"ESC- Nº 323 ""ISLAS MALVINAS""",-27.4479537,-58.78121849999999
"COL- POLIMODAL ""PTE- DR- ARTURO FRONDIZI""",-28.5841599,-58.00719220000001
"ESC- Nº 371 ""GRAL- TORIBIO DE LUZURIAGA""",-28.5841599,-58.00719220000001
"ESC- Nº 606 ""PROV- DE BUENOS AIRES""",-28.5841599,-58.00719220000001
COL- SECUNDARIO DEL B° APIPE,-27.5075019,-56.8536008
"ESC- Nº 955 ""LIBERTADOR DE AMÉRICA""",-27.4902484,-58.7856256
"COL- POLIMODAL ""DR- ELOY ORTEGA""",-28.5841599,-58.00719220000001
"ESC- Nº 369 ""MAESTRO CÉSAR R- TELECHEA""",-27.5458303,-58.7829647
"ESC- TÉCNICA ""FRAY LUIS BELTRÁN""",-27.4836597,-58.7862739
"COLEGIO SECUNDARIO ""J-M-PONCE""",-28.5841599,-58.00719220000001
"ESC- Nº 599 ""DR- A- CONTTE""",-28.5841599,-58.00719220000001
"ESC- Nº 443 ""GRAL- JOAQUÍN MADARIAGA""",-28.5841599,-58.00719220000001
"ESC- Nº 439 ""NIÑAS DE AYOHUMA""",-27.5442753,-58.7270945
"COL- POLIMODAL ""DR- RENÉ FAVALORO""",-28.5841599,-58.00719220000001
"ESC- Nº 957 ""JUAN RAMÓN FERNÁNDEZ""",-28.5841599,-58.00719220000001
"COL- SECUNDARIO ""JUANA F-CABRAL""",-27.5455015,-58.78636299999999
"ESC- Nº 356 ""JORGE LUIS BORGES""",-27.5475469,-58.7850643
"ESC- Nº 403 ""BARTOLOMÉ MITRE""",-29.7096574,-57.0797549
"ESCUELA NORMAL""CNEL- JOSÉ ARMAND""",-28.5841599,-58.00719220000001
"COL- SECUNDARIO ""SAN CAYETANO""",-27.5722087,-58.6950873
"ESC- Nº 605 ""EJÉRCITO ARGENTINO""",-27.5333737,-58.75006759999999
"ESC- Nº 553 ""SAN CAYETANO""",-27.5714889,-58.6954637
"ESC- Nº 65 ""JOSÉ EUSEBIO GÓMEZ""",-29.1413389,-59.261591
"ESC- Nº 511 ""PREF- NAVAL ARGENTINA""",-28.5841599,-58.00719220000001
"ESC- Nº 67 ""ISABEL KING""",-29.1400355,-59.262508
"COL- SEC- ""M- GÜEMES DE TEJADA""",-29.1326612,-59.2610529
"ESC- Nº 66 ""JOSÉ DE SAN MARTÍN""",-27.4536024,-58.6551104
"COLEGIO ""DR- JUAN E- TORRENT""",-27.3702201,-58.5112662
"ESC- NORMAL ""M- I- LOZA""",-28.5841599,-58.00719220000001
COL- SEC- EN GOYA,-29.1442242,-59.2643242
"ESC- Nº 254 ""DR- PEDRO A- DÍAZ COLODRERO""",-28.5841599,-58.00719220000001
"ESC- Nº 207 ""ENRIQUE CARLES VILA""",-29.1486332,-59.2501155
"ESC- Nº 440 ""COMPAÑÍA DE INGENIEROS 7""",-28.5841599,-58.00719220000001
ESC- Nº 601,-29.145947,-59.2537198
"ESC- Nº 463 ""PROVINCIA DE LA PAMPA""",-28.5841599,-58.00719220000001
"ESC- Nº 197 ""MANUEL A- PANDO""",-28.5841599,-58.00719220000001
ESCUELA Nº 370,-29.1712781,-59.26727349999999
"COL- SEC- ""SAGRADO CORAZON DE JESÚS""",-28.5841599,-58.00719220000001
"ESC Nº 118 ""HÉROES DE MALVINAS""",-29.1713375,-59.26097550000001
EFA COEMBOTA EX ESC- 680,-28.5841599,-58.00719220000001
"ESC- Nº 406 ""JOSÉ JACINTO ROLÓN""",-29.1458568,-59.1869548
"ESC- Nº 512 ""SRTA- M- M- CENOZ""",-28.5841599,-58.00719220000001
"ESC- Nº 745 ""ROSA GUARÚ""",-29.2372669,-59.164807
"ESC- Nº 690 ""WOLF SCHCOLNIK""",-29.3929308,-59.2968476
"ESC- Nº 526 ""DR- DIEGO N- DÍAZ COLODRERO""",-28.5841599,-58.00719220000001
"ESC- Nº 861 ""DR- M- SUSSINI""",-29.1755328,-56.6452616
"ESC- Nº 32 ""M- BELGRANO""",-28.5841599,-58.00719220000001
"COLEGIO ""GRAL- MANUEL BELGRANO""",-28.5841599,-58.00719220000001
"ESC- Nº 564 ""DOMINGO FAUSTINO SARMIENTO""",-29.7845623,-58.05495539999999
"ESC- TÉCNICA Nº 1 ""ING- J- J- GÓMEZ ARAUJO""",-39.0186902,-67.63509630000001
"COL- SEC- ""BARNIDIO ABELARDO SORRIBES""",-28.5841599,-58.00719220000001
"ESC- Nº 321 ""HUGO OSCAR ROSENDE""",-29.792996,-58.06566650000001
"ESC- Nº 471 ""16 DE NOVIEMBRE""",-29.7839778,-58.07605710000001
"ESC- Nº 435 ""CENTENARIO""",-29.7924716,-58.04080709999999
"COL- SEC- ""GRAL- J- DE SAN MARTÍN""",-28.8487823,-56.83111169999999
"ESC- Nº 565 ""DR- JUAN B- ALBERDI""",-28.5841599,-58.00719220000001
"ESC- Nº 572 ""CAZADORES CORRENTINOS""",-29.9814218,-58.298942
"ESC- Nº 575 ""JUANA RAMÍREZ DE BARRIENTOS""",-29.6924331,-58.3240437
ESC- Nº 585,-28.5841599,-58.00719220000001
"ESC- Nº 410 ""PCIA- DE SANTA CRUZ""",-28.5841599,-58.00719220000001
"ESC- Nº 38 ""JOSÉ MARÍA PAZ""",-29.3391654,-58.60782990000001
"ESC- Nº 83 ""JOSÉ MANUEL ESTRADA""",-29.1851587,-58.0716063
"ESC- Nº 84 ""ALBINO ARBO""",-29.1864719,-58.07861319999999
"ESC- Nº 82 ""AMADO BONPLAND""",-29.18238909999999,-58.0788899
"ESC- Nº 472 ""PCIA- DE CÓRDOBA""",-28.5841599,-58.00719220000001
"ESC- Nº 85 ""MODESTO T- LEITES""",-28.5841599,-58.00719220000001
"ESC- NORMAL ""MANUEL FLORENCIO MANTILLA""",-29.1884579,-58.0752765
"ESC- Nº 588 ""PCIA- DE SAN JUAN""",-28.5841599,-58.00719220000001
"ESC- Nº 589 ""A- E- BIANCHI DE ARBALLO""",-29.1909294,-58.0754165
"ESC- Nº 974 ""VETERANOS DE MALVINAS""",-28.5841599,-58.00719220000001
"ESC- Nº 973 ""ARTURO H- ILLIA""",-28.5841599,-58.00719220000001
"ESC- Nº 407 ""PCIA- DE JUJUY""",-28.5841599,-58.00719220000001
"ESC- Nº 408 ""RÍO NEGRO""",-28.5841599,-58.00719220000001
"ESC- Nº 587 ""ELVIRA SÁNCHEZ DE MACIEL""",-28.5841599,-58.00719220000001
"COL- SECUNDARIO ""BOQUERON""",-28.5841599,-58.00719220000001
"ESC Nº 768 ""MARGARITA A- DE IRASTORZA""",-29.4711189,-57.5822268
"ESC- NORMAL ""DR- J- ALFREDO FERREIRA""",-28.5841599,-58.00719220000001
"ESC- Nº 620 ""EMMA JULIA MULTEDO""",-30.0136498,-59.52434859999999
"ESC- TÉCNICA Nº 1 ""DR- J- RAMÓN VIDAL""",-28.5841599,-58.00719220000001
"ESC- Nº 279 ""JUAN XXIII""",-30.0226929,-59.5234079
COL- SEC- DE ESQUINA,-30.0184837,-59.53140879999999
"ESC- Nº 53 ""RAMÓN F- GARCÍA""",-30.0011009,-59.5127081
"ESC- Nº 528 ""PABLO PIZZURNO""",-28.5841599,-58.00719220000001
"ESC- Nº 405 ""MARÍA J- FERREYRA DE BARRIOS""",-28.5841599,-58.00719220000001
ESC- NORMAL DEL LIBERTADOR,-28.5841599,-58.00719220000001
"ESC- Nº 637 ""DR- JOSÉ ALFREDO FERREIRA""",-30.2992552,-59.549534
"ESC- Nº 627 ""PROF- REINALDO G- MARÍN""",-29.8682494,-59.4572865
"ESC- Nº 465 ""FRANCISCO BOCALANDRO""",-29.6302663,-58.9843858
"ESC- Nº 635 ""SANTA MARÍA""",-29.6558346,-59.0648366
"ESC- NORMAL SUP- ""DR- HIPÓLITO E- BAIBIENE""",-28.5841599,-58.00719220000001
"ESC- Nº 75 ""DR- JUAN ESTEBAN MARTÍNEZ""",-30.2604359,-57.62726010000001
COL- SEC- MAESTRO DAISAKU IKEDA,-28.5841599,-58.00719220000001
ESC-PRIMARIA COMÚN Nº 959,-28.5841599,-58.00719220000001
"ESC- Nº 458 ""PCIA- DE MISIONES""",-28.5841599,-58.00719220000001
COL- SEC- EN PUERTO VIEJO,-28.5841599,-58.00719220000001
ESC- Nº 530,-28.5841599,-58.00719220000001
ESC- Nº 453,-28.5841599,-58.00719220000001
"ESC- Nº 455 ""PROVINCIA DE FORMOSA""",-28.5841599,-58.00719220000001
"COL- SEC- ""VÍCTOR MANUEL LÓPEZ""",-28.5841599,-58.00719220000001
"ESC- Nº 425 ""SAMUEL VALENTÍN MEZA""",-28.5841599,-58.00719220000001
"ESC- Nº 141 ""BERÓN DE ASTRADA""",-28.5506789,-56.03480159999999
"ESC- NORMAL ""PROF- VÍCTOR MERCANTE""",-28.5474142,-56.0419287
"ESC- Nº 554 ""JOSEFA F- DOS SANTOS""",-28.5841599,-58.00719220000001
"ESC- Nº 142 ""DR- JOSÉ- V- ZUBIAUR""",-28.5841599,-58.00719220000001
ESC- TEC- DE SANTO TOMÉ,-28.5524101,-56.0452135
"ESC- Nº 311 ""PROF- JOSÉ R- GUTIÉRREZ""",-28.5841599,-58.00719220000001
"ESC- Nº 811 ""PABLO ARGILADA""",-28.5841599,-58.00719220000001
"ESC- Nº 559 ""CORONEL DESIDERIO SOSA""",-28.2143183,-56.1157391
"ESC- Nº 416 ""SUBOFICIAL- PABLO OBREGÓN""",-27.5196184,-58.7785795
"ESC- Nº 417 ""ALEJO CAMILO LÓPEZ""",-28.1734327,-55.6514114
"ESC- Nº 86 ""LIB- GRAL- JOSÉ DE SAN MARTÍN""",-28.5841599,-58.00719220000001
ESC- COMERCIAL VIRASORO,-28.0543419,-56.0139884
"ESC- NORMAL ""PAULA A- DE SARMIENTO""",-28.0524657,-56.02192369999999
"ESC- Nº 560 ""VICTORIANA DELGADO DE SOTO""",-28.5841599,-58.00719220000001
"ESCUELA TÉCNICA ""NUEVO MILENIO""",-28.0552176,-56.0239233
COL- SEC- DEL B° RAÚL ALFONSÍN,-29.0359006,-58.8637926
COL- SEC- B° DE OMBÚ,-28.5841599,-58.00719220000001
"ESC- Nº 15 ""MANUEL BELGRANO""",-28.5841599,-58.00719220000001
"ESC- Nº 775 ""DR- RENÉ FAVALORO""",-28.5841599,-58.00719220000001
"ESC- Nº 596 ""MARCOS GALARZA""",-28.1009747,-56.67266309999999
"ESC- Nº 93 ""GENERAL SAN MARTÍN""",-29.7132189,-57.08483289999999
"ESC- NORMAL SUP- ""VALENTÍN VIRASORO""",-28.0524657,-56.02192369999999
"ESC- Nº 667 ""VICENTE ELADIO VERÓN""",-29.7110899,-57.0956534
"ESC- TEC- ""AMALIA DEL V- H- DE AGUIRRE""",-28.5841599,-58.00719220000001
"ESC- Nº 477 ""MERCEDES FRANCO""",-29.71763799999999,-57.0936889
"COL- SECUNDARIO ""PASO DE LOS LIBRES""",-29.7079498,-57.0900724
"ESC- Nº 619 ""URUGUAYANA""",-28.5841599,-58.00719220000001
ESC- TEC- GRAL- J-DE MADARIAGA,-27.4833302,-58.8335245
"ESC- PRIMARIA Nº 980 ""E- MONTIEL""",-28.5841599,-58.00719220000001
COL- SEC- PTE- ARTURO FRONDIZI,-28.5384116,-56.0463189
"ESC- Nº 265 ""G- M- DE SAN MARTÍN""",-28.5841599,-58.00719220000001
"ESC- Nº 516 ""SAN JOSÉ DE CALASANZ""",-29.5059554,-56.9776215
ESC- Nº 590,-29.715552,-57.1067518
"ESC- Nº 670 ""ANTÁRTIDA ARGENTINA""",-29.907271,-57.57582360000001
"ESC- Nº 413 ""AMADO BONPLAND""",-29.8179984,-57.42712149999999
"ESC- Nº 227 ""CORONEL SIMEON PAYBA""",-29.7110309,-57.11822369999999
"ESC- Nº 668 ""CAP- DE FGTA- ARTURO FREYCHE""",-27.4948488,-58.8174792
"ESC- NORMAL ""RAMÓN J- CÁRCANO""",-30.2579287,-57.64334530000001
"ESC- Nº 88 ""DEL CENTENARIO""",-30.253597,-57.6357821
"INST- FORM- DOCENTE ""R- J- CÁRCANO""",-28.5841599,-58.00719220000001
"COL- SEC- ""JUAN PABLO II""",-27.4497242,-58.78673149999999
"COL- SEC- ""ERNESTO SÁBATO""",-28.5841599,-58.00719220000001
"ESC- TÉCNICA ""PEDRO FERRÉ""",-27.4574771,-58.81897000000001
"ESC- Nº 432 ""J- M- RAMOS MEJIA""",-28.5841599,-58.00719220000001
"ESC- Nº 475 ""TACUABÉ""",-30.2880568,-57.7340118
"ESC- Nº 549 ""CEFERINO RAMÍREZ""",-30.0428104,-57.82104
ESC- Nº 409,-29.9071343,-57.9588346
"ESC- Nº 645 ""COMANDANTE T- ESPORA""",-28.5841599,-58.00719220000001
"ESC- Nº 644 ""JUSTO JOSÉ DE URQUIZA""",-30.6177092,-57.96571530000001
"ESC- Nº 186 ""GRAN MALVINA""",-30.61583,-57.9771189
"COL- SEC- ""GREGORIA MATORRAS""",-29.4704639,-56.8141391
"ESC- NORMAL ""MARTÍN MIGUEL DE GÜEMES""",-27.5082003,-58.5545718
"ESC- TÉCNICA ""NTRA- SRA- DE ITATÍ""",-27.5125384,-58.55351249999999
"ESC- Nº 755 ""PURA GAUNA DE MACIEL""",-28.5841599,-58.00719220000001
"ESC- Nº 812 ""PABLO ARGILAGA""",-27.5149451,-58.5642834
ESC- Nº 784,-28.5841599,-58.00719220000001
"ESC- Nº 111 ""VENANCIO NAZAR""",-28.5841599,-58.00719220000001
"ESC- Nº 121 ""R- DE E- DE SAN MARTÍN""",-28.5841599,-58.00719220000001
ESC- Nº 437,-27.50555,-58.0713196
"ESC- Nº 795 ""GIL LORENZO BAGLIARDI""",-28.5841599,-58.00719220000001
ESC- NORMAL SUPERIOR,-28.5841599,-58.00719220000001
"ESC- Nº 451 ""GRAL- JOSÉ MARÍA PAZ""",-28.5841599,-58.00719220000001
"COLEGIO ""DR- JOSÉ LUIS SÉRSIC""",-28.5841599,-58.00719220000001
"ESCUELA Nº 16 ""PEDRO FERRE""",-28.5064003,-59.04225
"ESC- Nº 665 ""PCIA- DE CHUBUT""",-28.0583669,-56.0315262
"ESC- Nº 344 ""PREF- NAVAL ARGENTINA""",-28.5841599,-58.00719220000001
"ESC- TÉCNICA ""JUAN E- MARTÍNEZ""",-29.1423697,-59.2640349
COL- SECUNDARIO B° NORTE,-28.5841599,-58.00719220000001
"ESC- Nº 18 ""CNEL- DANIEL L- ARTAZA""",-28.5841599,-58.00719220000001
ESC- Nº 846,-28.5204715,-58.76874449999999
"ESC- Nº 436 ""PADRE JORGE KLOSTER""",-28.4291829,-58.9493556
"ESC- Nº 452 ""PCIA- DE CORRIENTES""",-27.5043603,-58.7887932
"ESC- NORMAL ""DR- F- PIRAGINE NIVEYRO""",-29.1488041,-59.251368
"ESC- Nº 43 ""GERVASIO GÓMEZ""",-27.9518026,-58.80742180000001
"ESC- Nº 44 ""GDOR- DR- P- NIVEYRO""",-27.4793598,-58.846239
"ESC- Nº 421 ""CATALINA A- BILLORDO""",-27.8433571,-58.7789838
ESC- Nº 709,-28.5841599,-58.00719220000001
"ESC- Nº 536 ""ANGÉLICA UGOLINI""",-27.8324189,-58.4696785
"ESC- Nº 540 ""GUMERSINDA S- DE SANZ""",-28.5841599,-58.00719220000001
"ESC- Nº 449 ""C- DE FGTA- PEDRO E- GIACHINO""",-28.5841599,-58.00719220000001
"ESC- Nº 133 ""GENARO PERUGORRÍA""",-28.5711165,-58.70946219999999
"ESC- Nº 134 ""FRAY J- DE LA QUINTANA""",-28.5841599,-58.00719220000001
"ESC- NORMAL ""J- GARCÍA DE COSSIO""",-27.4855365,-58.8172792
"ESC- Nº 518 ""JUAN DE LA ROSA LEDESMA""",-28.7471352,-58.6533069
"COLEGIO ""FRANCISCO D- TRAVERSARO""",-28.5841599,-58.00719220000001
"ESC- Nº 929 ""POLICARPO PANDO""",-28.52436,-58.4876732
"ESC- Nº 821 ""VALENTÍN INSAURRALDE""",-28.7457663,-58.8880164
"COL- SEC- ""FÉLIX M- ROMEO""",-28.5841599,-58.00719220000001
"ESC- NORMAL ""ALMTE- GUILLERMO BROWN""",-27.4750446,-58.8103847
"ESC- Nº 54 ""CONRADO ROMERO""",-27.7518437,-57.6226934
"ESC- Nº 802 ""ELVIRA S- PÉREZ DE JAIME""",-28.5841599,-58.00719220000001
"ESC- Nº 490 ""MARCELINO A- ELIZONDO""",-27.872151,-57.7952418
"ESC- Nº 492 ""ROGELIO BLANCO""",-27.8420326,-57.9128979
ESC- Nº 743,-27.7452052,-58.103536
"ESC- Nº 414 ""PTE- HIPÓLITO YRIGOYEN""",-27.4682316,-58.84522370000001
"ESC- Nº 804 ""JOSEFINA B- ROMERO QUESADA""",-28.5841599,-58.00719220000001
"ESC- Nº 415 ""CNEL- MARTÍN J- THOMPSON""",-27.4250655,-57.3392692
"ESC- PRIMARIA Nº 328 ""J- M- DURAN""",-27.5176835,-58.7904318
"ESC- Nº 97 ""MANUEL F- MANTILLA""",-29.18994349999999,-58.0661954
"ESC- TÉCNICA ""DR- JUAN G- PUJOL""",-28.2620915,-58.6449138
"ESC- Nº 469 ""JUAN LARREA""",-28.25243,-58.6324796
"ESC- NORMAL ""MARÍA L- ROMÁN DE FRECHOU""",-28.5841599,-58.00719220000001
"ESC- Nº 531 ""CATALINA G- DE FERNÁNDEZ""",-28.2041778,-58.4661611
"ESC- Nº 101 ""SARGENTO JUAN B- CABRAL""",-28.1310967,-58.76653049999999
"ESC- Nº 532 ""GENDARMERIA NACIONAL""",-28.5841599,-58.00719220000001
"ESC- Nº 478 ""GOB- TIERRA DEL FUEGO""",-28.5841599,-58.00719220000001
"ESC- Nº 125 ""MANUEL CABRAL""",-28.5841599,-58.00719220000001
ESC- Nº 563,-28.5396565,-57.1750228
"ESC- Nº 703 ""TTE- GRAL- P- E- ARAMBURU""",-28.5841599,-58.00719220000001
"COLEGIO ""MAIPÚ""",-28.5841599,-58.00719220000001
"ESC- Nº 515 ""AMADEO PANARIO""",-29.3700995,-56.82926020000001
"ESC- 29 ""PEDRO RÍOS""",-28.5841599,-58.00719220000001
"ESCUELA NORMAL ""TAMBOR DE TACUARI""",-28.3917076,-57.89173599999999
ESC- Nº 742,-28.2396364,-57.8262231
ESC- Nº 438,-28.14565,-57.94006
"ESC- Nº 799 ""MARÍA A- ARBO DE BORJAS""",-28.5841599,-58.00719220000001
"ESC- Nº 72 ""M- E- ARAUJO DE BERNÁRDEZ""",-28.5841599,-58.00719220000001
ESC- Nº 648,-28.2659454,-58.1213188
"ESC- Nº 968 ""CARMELO FERNÁNDEZ""",-28.2660348,-58.116753
"ESC- Nº 600 ""PCIA- DE MENDOZA""",-28.5841599,-58.00719220000001
"ESC- Nº 81 ""JUAN EUSEBIO TORRENT""",-28.0419973,-58.23001069999999
"ESC- COMERCIAL ""JORGE NEWBERY""",-28.0410072,-58.230026
"ESC- Nº 424 ""JOSÉ FÉLIX AGUIRRE""",-28.0485138,-58.2251109
"ESC- Nº 613 ""ADA RAMONA TURCONI""",-27.9844525,-57.9727749
"ESC- COMERCIAL ""JUAN BAUTISTA ALBERDI""",-28.5841599,-58.00719220000001
"ESC- Nº 71 ""JOSÉ R- MARIÑO""",-27.5880415,-56.6908731
"ESC- Nº 495 ""PCIA- DE LA RIOJA""",-28.5841599,-58.00719220000001
"ESC- N° 106 ""ISLAS MALVINAS""",-28.5841599,-58.00719220000001
"ESC- Nº 107 ""O- M- DE MEZA""",-28.5841599,-58.00719220000001
"ESC- TÉCNICA ""ING- R- CARRANZA""",-28.5841599,-58.00719220000001
"ESC- Nº 64 ""JOSÉ LUIS OLIVARI""",-27.6323957,-56.9049529
"ESC- Nº 244 ""ARMADA ARGENTINA""",-27.5810994,-56.4956991
ESC- Nº 871,-28.5841599,-58.00719220000001
"ESC- Nº 419 ""GUARDA COSTAS RÍO IGUAZÚ""",-27.5113443,-56.7419232
"ESC- Nº 752 ""PREFECTURA NAVAL ARGENTINA""",-27.4678876,-56.9851413
"ESC- Nº 418 ""AMÉRICO BOSCHETTI""",-27.7449097,-55.8986658
COL- SEC- DE SAN CARLOS,-27.745135,-55.898368
"COLEGIO ""ANTONIO BIALE""",-27.9160163,-55.8241278
"ESC- Nº 165 ""HÉROES CORRENTINOS""",-27.9168244,-55.8272819
"ESCUELA NORMAL ""ESTEBAN ECHEVERRÍA""",-30.0870741,-58.787874
"ESC- Nº 656 ""24 DE SEPTIEMBRE""",-30.0913684,-58.78274229999999
"ESC- Nº 143 ""PEDRO CELESTINO REYNA""",-30.0858555,-58.79002329999999
"ESC- Nº 661 ""ALBA DÍAZ DE TORIGINO""",-30.1899539,-59.06010749999999
"ESC- Nº 970 ""JOSEFA PAMPIN DE FONSECA""",-30.05505,-58.5802
ESC- Nº 272,-29.79434059999999,-58.75237120000001
"ESC- Nº 102 ""NICOLÁS GALLARDO""",-27.3711846,-58.5115173
"ESC- NORMAL SEC- ""PROF- R- M- GÓMEZ""",-28.5841599,-58.00719220000001
"ESC- Nº 499 ""F- ANTONIO RIZZUTO""",-27.39109,-58.56906000000001
"ESC- Nº 105 ""PEDRO MATOSO""",-27.454675,-58.6547555
"ESC- SEC- ""ESCR- PEDRO LECONTE""",-27.4512291,-58.7725776
"ESC- Nº 422 ""DR- HUGO GAUNA""",-28.5841599,-58.00719220000001
"ESC- Nº 608 ""SAGRADO CORAZÓN DE JESÚS""",-27.4996033,-58.6102667
ESC- Nº 776,-27.3582575,-58.4430663
ESC- Nº 783,-27.3055639,-58.3842685
"ESC- Nº 423 ""SUP- A- CANO DE LOTERO""",-28.5841599,-58.00719220000001
"ESC- N- SUP- 1ER- TTE- ""MIGUEL A- GIMÉNEZ""",-28.5841599,-58.00719220000001
"ESC- Nº 975 ""B- MARÍA GUTIÉRREZ""",-28.5841599,-58.00719220000001
"ESC- COMERCIAL ""DR- MAMERTO ACUÑA""",-29.9088471,-57.95886819999999
"ESC- Nº 123 ""JOSÉ CARMELO BELMONT""",-29.0966639,-56.554766
ESC- Nº 686,-28.8255145,-56.4709116
"ESC- Nº 483 ""LORENZA PIÑEYRO DE RAMOS""",-27.9984597,-57.5918378
"ESC- Nº 129 ""MELCHOR JULIÁN MEZA""",-27.9975008,-57.58727039999999
"ESC- Nº 130 ""ROSARIO VERA PEÑALOZA""",-28.0383804,-57.6859644
"COL- SECUNDARIO ""LORETO""",-27.7688496,-57.2760238
"ESC- NORMAL SUP- ""DR- PEDRO BONASTRE""",-27.4879646,-58.8333261
"ESC- Nº 676 ""DIRECTORA BALBINA NIELLA""",-28.5841599,-58.00719220000001
"ESC- Nº 496 ""SANTIAGO MARÍA NIELLA""",-27.3637985,-58.30072440000001
"ESC- Nº 497 ""LETICIA MARTÍNEZ DE VALLEJOS""",-27.3346975,-58.181281
"ESC- PRIMARIA Nº 27 ""PAGO LARGO""",-27.550385,-57.5277667
ESC- Nº 149,-28.5841599,-58.00719220000001
