nombre,rango,cantidad,sobres,electores,votantes,estado
"ESC- Nº 3 ""DEL CENTENARIO""","1 a 11",11,2725,3850,2726,Finalizado
"ESC- Nº 2 ""DOMINGO F- SARMIENTO""","12 a 21",10,2418,3500,2420,Finalizado
"ESC- Nº 10 ""R- DE ESCALADA DE SAN MARTÍN""","22 a 26",5,1156,1658,1156,Finalizado
"ESC- Nº 402 ""GENARO BERÓN DE ASTRADA""","27 a 32",6,1537,2100,1537,Finalizado
"COLEGIO POLIMODAL ""IBERÁ""","33 a 42",10,2574,3500,2574,Finalizado
"ESC- Nº 9 ""GUSTAVO SOLANO GÓMEZ""","43 a 51",9,2289,3150,2289,Finalizado
"ESC- Nº 11 ""DR- LISANDRO SEGOVIA""","52 a 58",7,1742,2370,1742,Finalizado
"ESC- Nº 290 ""DR- JUAN R- VIDAL""","59 a 73",15,3959,5250,3959,Finalizado
"ESC- Nº 850 ""GDOR- JOSÉ M- DE LLANO""","74 a 88",15,4008,5250,4008,Finalizado
"ESC- Nº 291 ""DR- EUDORO VARGAS GÓMEZ""","89 a 99",11,2808,3850,2808,Finalizado
"ESC- Nº 299 ""JUAN ALFREDO ASUAD""","100 a 110",11,2620,3524,2620,Finalizado
"COLEGIO ""GRAL- SAN MARTÍN""","111 a 120",10,2477,3500,2477,Finalizado
"ESC- Nº 4 ""MARIANO MORENO""","121 a 125",5,1043,1492,1043,Finalizado
"ESCUELA NORMAL ""DR- JUAN PUJOL""","126 a 137",12,2902,4200,2903,Finalizado
"ESC- Nº 1 ""MANUEL BELGRANO""","138 a 147",10,2420,3481,2420,Finalizado
"ESC- TÉCNICA Nº 2 ""BERNARDINO RIVADAVIA""","148 a 157",10,2458,3500,2458,Finalizado
"ESC- TÉCNICA Nº 1 ""JUANA MANSO""","158 a 170",13,3208,4550,3207,Finalizado
"ESC- Nº 607 ""BERNARDINO RIVADAVIA""","171 a 183",13,3271,4550,3271,Finalizado
"ESC- Nº 7 ""ISABEL E- VERA""","184 a 195",12,2986,4143,2986,Finalizado
"ESC- Nº 275 ""ISIDRO E- MOREIRA""","196 a 206",11,2849,3850,2849,Finalizado
"ESC- Nº 146 ""CRUCERO GRAL- BELGRANO""","207 a 218",12,3052,4200,3052,Finalizado
"ESC- Nº 345 ""FRANCISCO REGIS ORTIZ""","219 a 228",10,2621,3500,2621,Finalizado
"ESC- COMERCIAL ""PTE- DR- ARTURO U- ILLIA""","229 a 240",12,3144,4200,3142,Finalizado
"ESC- Nº 956 ""N- SRA- DE LA MEDALLA MILAGROSA""","241 a 250",10,2589,3500,2589,Finalizado
"ESC- Nº 139 ""AMBROSIO DE ACOSTA""","251 a 262",12,3119,4200,3119,Finalizado
"COL- POLIM- ""CAUTIVAS CORRENTINAS""","263 a 274",12,3161,4200,3160,Finalizado
"ESC- Nº 368 ""MAESTROS CORRENTINOS""","275 a 284",10,2569,3500,2569,Finalizado
"COL- SEC- ""FRAY JOSÉ DE LA QUINTANA""","285 a 297",13,3343,4550,3343,Finalizado
"ESC- SECUNDARIA ""DR- JOSÉ FCO- SOLER""","298 a 309",12,3130,4200,3130,Finalizado
"ESC- Nº 666 ""PEDRO BENJAMÍN SERRANO""","310 a 319",10,2571,3500,2571,Finalizado
"COL- SEC- ""FERNANDO PIRAGINE NIVEYRO""","320 a 327",8,1903,2638,1905,Finalizado
"ESC- Nº 353 ""DR- FÉLIX MARÍA GÓMEZ""","328 a 341",14,3615,4900,3615,Finalizado
"COLEGIO ""MANUEL VICENTE FIGUERERO""","342 a 354",13,3420,4550,3420,Finalizado
"ESC- Nº 34 ""EL SANTO DE LA ESPADA""","355 a 367",13,3388,4550,3387,Finalizado
"ESC- Nº 404 ""DR- EDUARDO WILDE""","368 a 377",10,2641,3500,2641,Finalizado
"ESC- COMERCIAL ""DR- LUIS FEDERICO LELOIR""","378 a 391",14,3682,4900,3682,Finalizado
"INST- CENTRO DE EDUC- FÍSICA Nº 1 ""PROF- E- J- ROBLES""","392 a 401",10,2591,3500,2593,Finalizado
"ESCUELA TECNICA U-O-C-R-A-","402 a 407",6,1565,2100,1565,Finalizado
"CDI ""RAYITO DE LUZ""","408 a 412",5,1317,1750,1317,Finalizado
"CDI ""GRILLITO SALTARIN""","413 a 416",4,1041,1400,1041,Finalizado
"CDI ""ARA PORA""","417 a 420",4,989,1331,989,Finalizado
"ESC- Nº 444 ""SALVADOR MARÍA DÍAZ""","421 a 436",16,4209,5600,4209,Finalizado
"ESC- ESPECIAL Nº 1 ""DRA- CAROLINA TOBAR GARCÍA""","437 a 453",17,4551,5950,4551,Finalizado
"COL- POLIMODAL ""OLGA COSSETTINI""","454 a 466",13,3389,4550,3389,Finalizado
"ESC- Nº 258 ""RCA-DEL PARAGUAY""","467 a 477",11,2756,3850,2757,Finalizado
"COL- SECUNDARIO DEL BARRIO ONGAY (IRUPÉ)","478 a 488",11,2805,3830,2805,Finalizado
"ESC- NORMAL ""JOSÉ MANUEL ESTRADA""","489 a 496",8,1967,2800,1967,Finalizado
"ESC- Nº 808 ""DR- VICTORIANO E- MONTES""","497 a 503",7,1784,2450,1784,Finalizado
"ESCUELA Nº 6 ""PUBLIO ESCOBAR""","504 a 510",7,1792,2450,1792,Finalizado
"ESC- TÉCNICA ""BRIG- PEDRO FERRÉ""","511 a 517",7,1749,2404,1749,Finalizado
"COL- POLIMODAL ""BRIG- GRAL- PEDRO FERRÉ""","518 a 529",12,3032,4200,3034,Finalizado
"ESC- Nº 12 ""ALTE- BROWN""","530 a 538",9,2287,3150,2287,Finalizado
"ANEXO HOGAR ESCUELA","539 a 546",8,1953,2800,1953,Finalizado
"ESC- Nº 157 ""TERCERA ORDEN S- F- DE ASIS""","547 a 552",6,1487,2100,1487,Finalizado
"ESC- Nº 8 ""JUAN BAUTISTA ALBERDI""","553 a 561",9,2094,2859,2094,Finalizado
"ESC- Nº 293 ""TTE- GRAL- DONATO ÁLVAREZ""","562 a 574",13,3386,4550,3386,Finalizado
"ESC- Nº 430 ""PROVINCIA DE SALTA""","575 a 584",10,2624,3500,2624,Finalizado
"ESC- Nº 5 ""ESPAÑA""","585 a 594",10,2443,3209,2442,Finalizado
"ESC- Nº 14 ""DEL SESQUICENTENARIO""","595 a 604",10,2697,3500,2698,Finalizado
"ESC- Nº 158 ""COLEGIO ARGENTINO""","605 a 613",9,2333,3150,2334,Finalizado
"ESC- Nº 296 ""PROF- MANUEL CABRAL (H)""","614 a 623",10,2705,3500,2706,Finalizado
"COL- SECUNDARIO ""AGOP SEFERIAN""","624 a 630",7,1808,2450,1808,Finalizado
"COL- SEC- ""EDGAR ROMERO MACIEL""","631 a 638",8,2112,2800,2114,Finalizado
"COL- SEC- ""PTE- DR- RAÚL R- ALFONSÍN""","639 a 646",8,2046,2680,2046,Finalizado
"ESC- Nº 323 ""ISLAS MALVINAS""","647 a 657",11,2871,3850,2870,Finalizado
"COL- POLIMODAL ""PTE- DR- ARTURO FRONDIZI""","658 a 667",10,2519,3500,2519,Finalizado
"ESC- Nº 371 ""GRAL- TORIBIO DE LUZURIAGA""","668 a 676",9,2365,3150,2365,Finalizado
"ESC- Nº 606 ""PROV- DE BUENOS AIRES""","677 a 685",9,2265,3150,2267,Finalizado
"COL- SECUNDARIO DEL B° APIPE","686 a 694",9,2117,2806,2117,Finalizado
"ESC- Nº 955 ""LIBERTADOR DE AMÉRICA""","695 a 708",14,3852,4900,3852,Finalizado
"COL- POLIMODAL ""DR- ELOY ORTEGA""","709 a 721",13,3488,4550,3455,Finalizado
"ESC- Nº 369 ""MAESTRO CÉSAR R- TELECHEA""","722 a 731",10,2676,3500,2676,Finalizado
"ESC- TÉCNICA ""FRAY LUIS BELTRÁN""","732 a 739",8,2102,2800,2102,Finalizado
"COLEGIO SECUNDARIO ""J-M-PONCE""","740 a 750",11,2944,3850,2945,Finalizado
"ESC- Nº 599 ""DR- A- CONTTE""","751 a 763",13,3345,4550,3345,Finalizado
"ESC- Nº 443 ""GRAL- JOAQUÍN MADARIAGA""","764 a 773",10,2437,3336,2438,Finalizado
"ESC- Nº 439 ""NIÑAS DE AYOHUMA""","774 a 778",5,1098,1463,1098,Finalizado
"COL- POLIMODAL ""DR- RENÉ FAVALORO""","779 a 787",9,2393,3150,2393,Finalizado
"ESC- Nº 957 ""JUAN RAMÓN FERNÁNDEZ""","788 a 794",7,1902,2450,1902,Finalizado
"COL- SECUNDARIO ""JUANA F-CABRAL""","795 a 801",7,1836,2450,1836,Finalizado
"ESC- Nº 356 ""JORGE LUIS BORGES""","802 a 809",8,1905,2632,1905,Finalizado
"ESC- Nº 403 ""BARTOLOMÉ MITRE""","810 a 820",11,2499,3850,2499,Finalizado
"ESCUELA NORMAL""CNEL- JOSÉ ARMAND""","821 a 833",13,2990,4550,2990,Finalizado
"COL- SECUNDARIO ""SAN CAYETANO""","834 a 839",6,1377,2100,1377,Finalizado
"ESC- Nº 605 ""EJÉRCITO ARGENTINO""","840 a 846",7,1500,2306,1500,Finalizado
"ESC- Nº 553 ""SAN CAYETANO""","847 a 853",7,1728,2272,1728,Finalizado
"ESC- Nº 65 ""JOSÉ EUSEBIO GÓMEZ""","854 a 863",10,2570,3500,2570,Finalizado
"ESC- Nº 511 ""PREF- NAVAL ARGENTINA""","864 a 872",9,2324,3150,2324,Finalizado
"ESC- Nº 67 ""ISABEL KING""","873 a 879",7,1851,2450,1851,Finalizado
"COL- SEC- ""M- GÜEMES DE TEJADA""","880 a 885",6,1570,2045,1570,Finalizado
"ESC- Nº 66 ""JOSÉ DE SAN MARTÍN""","886 a 897",12,3101,4200,3101,Finalizado
"COLEGIO ""DR- JUAN E- TORRENT""","898 a 910",13,3387,4550,3387,Finalizado
"ESC- NORMAL ""M- I- LOZA""","911 a 922",12,3149,4200,3149,Finalizado
"COL- SEC- EN GOYA","923 a 987",14,3369,4426,3369,Finalizado
"ESC- Nº 254 ""DR- PEDRO A- DÍAZ COLODRERO""","929 a 939",11,3099,3850,3099,Finalizado
"ESC- Nº 207 ""ENRIQUE CARLES VILA""","940 a 949",10,2723,3500,2723,Finalizado
"ESC- Nº 440 ""COMPAÑÍA DE INGENIEROS 7""","950 a 959",10,2750,3500,2750,Finalizado
"ESC- Nº 601","960 a 969",10,2673,3500,2673,Finalizado
"ESC- Nº 463 ""PROVINCIA DE LA PAMPA""","970 a 979",10,2752,3500,2752,Finalizado
"ESC- Nº 197 ""MANUEL A- PANDO""","988 a 997",10,2850,3500,2850,Finalizado
"ESCUELA Nº 370","998 a 1007",10,2755,3500,2755,Finalizado
"COL- SEC- ""SAGRADO CORAZON DE JESÚS""","1008 a 1016",9,2549,3150,2549,Finalizado
"ESC Nº 118 ""HÉROES DE MALVINAS""","1017 a 1023",7,1885,2329,1885,Finalizado
"EFA COEMBOTA EX ESC- 680","1024 a 1029",6,1263,1999,1263,Finalizado
"ESC- Nº 406 ""JOSÉ JACINTO ROLÓN""","1030 a 1038",9,2287,3150,2287,Finalizado
"ESC- Nº 512 ""SRTA- M- M- CENOZ""","1039 a 1045",7,1815,2434,1815,Finalizado
"ESC- Nº 745 ""ROSA GUARÚ""","1046 a 1051",6,1113,1811,1113,Finalizado
"ESC- Nº 690 ""WOLF SCHCOLNIK""","1052 a 1060",9,1776,3020,1776,Finalizado
"ESC- Nº 526 ""DR- DIEGO N- DÍAZ COLODRERO""","1061 a 1067",7,1570,2450,1570,Finalizado
"ESC- Nº 861 ""DR- M- SUSSINI""","1068 a 1073",6,1252,2058,1252,Finalizado
"ESC- Nº 32 ""M- BELGRANO""","1074 a 1083",10,2555,3500,2555,Finalizado
"COLEGIO ""GRAL- MANUEL BELGRANO""","1084 a 1093",10,2561,3500,2561,Finalizado
"ESC- Nº 564 ""DOMINGO FAUSTINO SARMIENTO""","1094 a 1103",10,2554,3500,2554,Finalizado
"ESC- TÉCNICA Nº 1 ""ING- J- J- GÓMEZ ARAUJO""","1104 a 1113",10,2505,3500,2505,Finalizado
"COL- SEC- ""BARNIDIO ABELARDO SORRIBES""","1114 a 1122",9,2333,3150,2333,Finalizado
"ESC- Nº 321 ""HUGO OSCAR ROSENDE""","1123 a 1132",10,2620,3500,2620,Finalizado
"ESC- Nº 471 ""16 DE NOVIEMBRE""","1133 a 1141",9,2342,3150,2342,Finalizado
"ESC- Nº 435 ""CENTENARIO""","1142 a 1150",9,2338,3150,2338,Finalizado
"COL- SEC- ""GRAL- J- DE SAN MARTÍN""","1151 a 1159",9,2303,3068,2303,Finalizado
"ESC- Nº 565 ""DR- JUAN B- ALBERDI""","1160 a 1163",4,900,1297,900,Finalizado
"ESC- Nº 572 ""CAZADORES CORRENTINOS""","1164 a 1165",2,359,576,359,Finalizado
"ESC- Nº 575 ""JUANA RAMÍREZ DE BARRIENTOS""","1166 a 1166",1,69,141,69,Finalizado
"ESC- Nº 585","1167 a 1168",2,182,399,182,Finalizado
"ESC- Nº 410 ""PCIA- DE SANTA CRUZ""","1169 a 1177",9,2361,3150,2361,Finalizado
"ESC- Nº 38 ""JOSÉ MARÍA PAZ""","1178 a 1183",6,1497,1985,1497,Finalizado
"ESC- Nº 83 ""JOSÉ MANUEL ESTRADA""","1184 a 1193",10,2496,3500,2496,Finalizado
"ESC- Nº 84 ""ALBINO ARBO""","1194 a 1202",9,2143,3150,2143,Finalizado
"ESC- Nº 82 ""AMADO BONPLAND""","1203 a 1211",9,2229,3150,2229,Finalizado
"ESC- Nº 472 ""PCIA- DE CÓRDOBA""","1212 a 1220",9,2166,3150,2166,Finalizado
"ESC- Nº 85 ""MODESTO T- LEITES""","1221 a 1226",6,1378,1952,1378,Finalizado
"ESC- NORMAL ""MANUEL FLORENCIO MANTILLA""","1227 a 1239",13,3331,4550,3331,Finalizado
"ESC- Nº 588 ""PCIA- DE SAN JUAN""","1240 a 1252",13,3083,4550,3083,Finalizado
"ESC- Nº 589 ""A- E- BIANCHI DE ARBALLO""","1253 a 1256",4,981,1400,981,Finalizado
"ESC- Nº 974 ""VETERANOS DE MALVINAS""","1257 a 1264",8,1959,2800,1959,Finalizado
"ESC- Nº 973 ""ARTURO H- ILLIA""","1265 a 1274",10,2495,3448,2495,Finalizado
"ESC- Nº 407 ""PCIA- DE JUJUY""","1275 a 1280",6,1532,1992,1532,Finalizado
"ESC- Nº 408 ""RÍO NEGRO""","1281 a 1285",5,1087,1503,1087,Finalizado
"ESC- Nº 587 ""ELVIRA SÁNCHEZ DE MACIEL""","1286 a 1288",3,442,764,442,Finalizado
"COL- SECUNDARIO ""BOQUERON""","1289 a 1290",2,214,419,214,Finalizado
"ESC Nº 768 ""MARGARITA A- DE IRASTORZA""","1291 a 1291",1,61,87,61,Finalizado
"ESC- NORMAL ""DR- J- ALFREDO FERREIRA""","1292 a 1302",11,2659,3850,2659,Finalizado
"ESC- Nº 620 ""EMMA JULIA MULTEDO""","1303 a 1312",10,2411,3500,2411,Finalizado
"ESC- TÉCNICA Nº 1 ""DR- J- RAMÓN VIDAL""","1313 a 1322",10,2437,3500,2437,Finalizado
"ESC- Nº 279 ""JUAN XXIII""","1323 a 1331",9,2208,3150,2208,Finalizado
"COL- SEC- DE ESQUINA","1332 a 1337",6,1387,1934,1387,Finalizado
"ESC- Nº 53 ""RAMÓN F- GARCÍA""","1338 a 1346",9,2053,3150,2053,Finalizado
"ESC- Nº 528 ""PABLO PIZZURNO""","1347 a 1352",6,1328,2014,1328,Finalizado
"ESC- Nº 405 ""MARÍA J- FERREYRA DE BARRIOS""","1353 a 1364",12,2448,4200,2448,Finalizado
"ESC- NORMAL DEL LIBERTADOR","1365 a 1370",6,1101,1806,1101,Finalizado
"ESC- Nº 637 ""DR- JOSÉ ALFREDO FERREIRA""","1371 a 1372",2,419,684,419,Finalizado
"ESC- Nº 627 ""PROF- REINALDO G- MARÍN""","1373 a 1376",4,764,1279,764,Finalizado
"ESC- Nº 465 ""FRANCISCO BOCALANDRO""","1377 a 1379",3,481,906,481,Finalizado
"ESC- Nº 635 ""SANTA MARÍA""","1380 a 1380",1,108,272,108,Finalizado
"ESC- NORMAL SUP- ""DR- HIPÓLITO E- BAIBIENE""","1381 a 1390",10,2609,3500,2609,Finalizado
"ESC- Nº 75 ""DR- JUAN ESTEBAN MARTÍNEZ""","1391 a 1399",9,2334,3150,2334,Finalizado
"COL- SEC- MAESTRO DAISAKU IKEDA","1400 a 1407",8,2078,2800,2078,Finalizado
"ESC-PRIMARIA COMÚN Nº 959","1408 a 1413",6,1399,1885,1399,Finalizado
"ESC- Nº 458 ""PCIA- DE MISIONES""","1414 a 1423",10,2606,3500,2606,Finalizado
"COL- SEC- EN PUERTO VIEJO","1424 a 1430",7,1647,2164,1647,Finalizado
"ESC- Nº 530","1431 a 1433",3,554,740,554,Finalizado
"ESC- Nº 453","1434 a 1439",6,1466,1978,1466,Finalizado
"ESC- Nº 455 ""PROVINCIA DE FORMOSA""","1440 a 1445",6,1608,2100,1608,Finalizado
"COL- SEC- ""VÍCTOR MANUEL LÓPEZ""","1446 a 1451",6,1500,1854,1500,Finalizado
"ESC- Nº 425 ""SAMUEL VALENTÍN MEZA""","1452 a 1458",7,1884,2322,1884,Finalizado
"ESC- Nº 141 ""BERÓN DE ASTRADA""","1459 a 1468",10,2526,3500,2526,Finalizado
"ESC- NORMAL ""PROF- VÍCTOR MERCANTE""","1469 a 1478",10,2469,3500,2469,Finalizado
"ESC- Nº 554 ""JOSEFA F- DOS SANTOS""","1479 a 1488",10,2493,3500,2493,Finalizado
"ESC- Nº 142 ""DR- JOSÉ- V- ZUBIAUR""","1489 a 1495",7,1786,2450,1786,Finalizado
"ESC- TEC- DE SANTO TOMÉ","1496 a 1505",10,2536,3500,2536,Finalizado
"ESC- Nº 311 ""PROF- JOSÉ R- GUTIÉRREZ""","1506 a 1515",10,2351,3337,2351,Finalizado
"ESC- Nº 811 ""PABLO ARGILADA""","1516 a 1608",6,1159,1741,1159,Finalizado
"ESC- Nº 559 ""CORONEL DESIDERIO SOSA""","1521 a 1521",1,69,110,69,Finalizado
"ESC- Nº 416 ""SUBOFICIAL- PABLO OBREGÓN""","1522 a 1525",4,934,1278,934,Finalizado
"ESC- Nº 417 ""ALEJO CAMILO LÓPEZ""","1526 a 1528",3,714,926,714,Finalizado
"ESC- Nº 86 ""LIB- GRAL- JOSÉ DE SAN MARTÍN""","1529 a 1539",11,2521,3850,2521,Finalizado
"ESC- COMERCIAL VIRASORO","1540 a 1550",11,2489,3850,2489,Finalizado
"ESC- NORMAL ""PAULA A- DE SARMIENTO""","1551 a 1560",10,2272,3500,2272,Finalizado
"ESC- Nº 560 ""VICTORIANA DELGADO DE SOTO""","1561 a 1570",10,2222,3500,2221,Finalizado
"ESCUELA TÉCNICA ""NUEVO MILENIO""","1571 a 1580",10,2296,3500,2296,Finalizado
"COL- SEC- DEL B° RAÚL ALFONSÍN","1581 a 1586",6,1368,2100,1368,Finalizado
"COL- SEC- B° DE OMBÚ","1587 a 1596",10,2308,3500,2308,Finalizado
"ESC- Nº 15 ""MANUEL BELGRANO""","1597 a 1606",10,2170,3370,2170,Finalizado
"ESC- Nº 775 ""DR- RENÉ FAVALORO""","1607 a 1607",1,32,62,32,Finalizado
"ESC- Nº 596 ""MARCOS GALARZA""","1609 a 1609",1,26,41,26,Finalizado
"ESC- Nº 93 ""GENERAL SAN MARTÍN""","1610 a 1619",10,2478,3500,2478,Finalizado
"ESC- NORMAL SUP- ""VALENTÍN VIRASORO""","1620 a 1629",10,2495,3500,2495,Finalizado
"ESC- Nº 667 ""VICENTE ELADIO VERÓN""","1630 a 1639",10,2490,3500,2490,Finalizado
"ESC- TEC- ""AMALIA DEL V- H- DE AGUIRRE""","1640 a 1649",10,2483,3500,2483,Finalizado
"ESC- Nº 477 ""MERCEDES FRANCO""","1650 a 1659",10,2409,3500,2409,Finalizado
"COL- SECUNDARIO ""PASO DE LOS LIBRES""","1660 a 1669",10,2483,3500,2483,Finalizado
"ESC- Nº 619 ""URUGUAYANA""","1670 a 1679",10,2438,3500,2438,Finalizado
"ESC- TEC- GRAL- J-DE MADARIAGA","1680 a 1689",10,2533,3500,2533,Finalizado
"ESC- PRIMARIA Nº 980 ""E- MONTIEL""","1690 a 1696",7,1755,2450,1755,Finalizado
"COL- SEC- PTE- ARTURO FRONDIZI","1697 a 1705",9,2209,3150,2209,Finalizado
"ESC- Nº 265 ""G- M- DE SAN MARTÍN""","1706 a 1710",5,1042,1445,1042,Finalizado
"ESC- Nº 516 ""SAN JOSÉ DE CALASANZ""","1711 a 1713",3,646,966,646,Finalizado
"ESC- Nº 590","1714 a 1714",1,109,187,109,Finalizado
"ESC- Nº 670 ""ANTÁRTIDA ARGENTINA""","1715 a 1716",2,543,657,543,Finalizado
"ESC- Nº 413 ""AMADO BONPLAND""","1717 a 1725",9,950,2827,950,Finalizado
"ESC- Nº 227 ""CORONEL SIMEON PAYBA""","1726 a 1734",9,2272,3150,2272,Finalizado
"ESC- Nº 668 ""CAP- DE FGTA- ARTURO FREYCHE""","1735 a 1738",4,918,1231,918,Finalizado
"ESC- NORMAL ""RAMÓN J- CÁRCANO""","1739 a 1748",10,2633,3500,2633,Finalizado
"ESC- Nº 88 ""DEL CENTENARIO""","1749 a 1758",10,2649,3500,2649,Finalizado
"INST- FORM- DOCENTE ""R- J- CÁRCANO""","1759 a 1768",10,2633,3500,2633,Finalizado
"COL- SEC- ""JUAN PABLO II""","1769 a 1773",5,1302,1750,1302,Finalizado
"COL- SEC- ""ERNESTO SÁBATO""","1774 a 1779",6,1611,2100,1611,Finalizado
"ESC- TÉCNICA ""PEDRO FERRÉ""","1780 a 1788",9,2381,3150,2381,Finalizado
"ESC- Nº 432 ""J- M- RAMOS MEJIA""","1789 a 1798",10,2368,3195,2368,Finalizado
"ESC- Nº 475 ""TACUABÉ""","1799 a 1802",4,950,1347,950,Finalizado
"ESC- Nº 549 ""CEFERINO RAMÍREZ""","1803 a 1805",3,789,990,789,Finalizado
"ESC- Nº 409","1806 a 1806",1,24,45,24,Finalizado
"ESC- Nº 645 ""COMANDANTE T- ESPORA""","1807 a 1811",5,1195,1548,1195,Finalizado
"ESC- Nº 644 ""JUSTO JOSÉ DE URQUIZA""","1812 a 1818",7,1752,2450,1752,Finalizado
"ESC- Nº 186 ""GRAN MALVINA""","1819 a 1825",7,1757,2450,1757,Finalizado
"COL- SEC- ""GREGORIA MATORRAS""","1826 a 1831",6,1447,1994,1447,Finalizado
"ESC- NORMAL ""MARTÍN MIGUEL DE GÜEMES""","1832 a 1852",21,5962,7350,5962,Finalizado
"ESC- TÉCNICA ""NTRA- SRA- DE ITATÍ""","1853 a 1861",9,2499,3150,2499,Finalizado
"ESC- Nº 755 ""PURA GAUNA DE MACIEL""","1862 a 1866",5,1220,1474,1220,Finalizado
"ESC- Nº 812 ""PABLO ARGILAGA""","1867 a 1871",5,1322,1698,1322,Finalizado
"ESC- Nº 784","1872 a 1873",2,475,618,475,Finalizado
"ESC- Nº 111 ""VENANCIO NAZAR""","1874 a 1877",4,962,1292,962,Finalizado
"ESC- Nº 121 ""R- DE E- DE SAN MARTÍN""","1878 a 1878",1,241,343,241,Finalizado
"ESC- Nº 437","1879 a 1880",2,289,463,289,Finalizado
"ESC- Nº 795 ""GIL LORENZO BAGLIARDI""","1881 a 1882",2,340,476,340,Finalizado
"ESC- NORMAL SUPERIOR","1883 a 1892",10,2691,3500,2692,Finalizado
"ESC- Nº 451 ""GRAL- JOSÉ MARÍA PAZ""","1893 a 1902",10,2738,3500,2738,Finalizado
"COLEGIO ""DR- JOSÉ LUIS SÉRSIC""","1903 a 1912",10,2704,3500,2704,Finalizado
"ESCUELA Nº 16 ""PEDRO FERRE""","1913 a 1922",10,2728,3500,2728,Finalizado
"ESC- Nº 665 ""PCIA- DE CHUBUT""","1923 a 1929",7,1888,2450,1888,Finalizado
"ESC- Nº 344 ""PREF- NAVAL ARGENTINA""","1930 a 1938",9,2422,3150,2422,Finalizado
"ESC- TÉCNICA ""JUAN E- MARTÍNEZ""","1939 a 1947",9,2504,3150,2504,Finalizado
"COL- SECUNDARIO B° NORTE","1948 a 1955",8,2003,2604,2004,Finalizado
"ESC- Nº 18 ""CNEL- DANIEL L- ARTAZA""","1956 a 1963",8,1990,2569,1990,Finalizado
"ESC- Nº 846","1964 a 1964",1,127,165,127,Finalizado
"ESC- Nº 436 ""PADRE JORGE KLOSTER""","1965 a 1971",7,1934,2376,1934,Finalizado
"ESC- Nº 452 ""PCIA- DE CORRIENTES""","1972 a 1974",3,755,1047,755,Finalizado
"ESC- NORMAL ""DR- F- PIRAGINE NIVEYRO""","1975 a 1984",10,2681,3500,2681,Finalizado
"ESC- Nº 43 ""GERVASIO GÓMEZ""","1985 a 1993",9,2471,3150,2471,Finalizado
"ESC- Nº 44 ""GDOR- DR- P- NIVEYRO""","1994 a 1999",6,1579,2043,1579,Finalizado
"ESC- Nº 421 ""CATALINA A- BILLORDO""","2000 a 2002",3,699,970,699,Finalizado
"ESC- Nº 709","2003 a 2007",5,1278,1593,1278,Finalizado
"ESC- Nº 536 ""ANGÉLICA UGOLINI""","2008 a 2010",3,497,705,497,Finalizado
"ESC- Nº 540 ""GUMERSINDA S- DE SANZ""","2011 a 2011",1,185,280,185,Finalizado
"ESC- Nº 449 ""C- DE FGTA- PEDRO E- GIACHINO""","2012 a 2016",5,1319,1690,1319,Finalizado
"ESC- Nº 133 ""GENARO PERUGORRÍA""","2017 a 2023",7,1824,2450,1824,Finalizado
"ESC- Nº 134 ""FRAY J- DE LA QUINTANA""","2024 a 2031",8,2127,2800,2127,Finalizado
"ESC- NORMAL ""J- GARCÍA DE COSSIO""","2032 a 2037",6,1405,1930,1405,Finalizado
"ESC- Nº 518 ""JUAN DE LA ROSA LEDESMA""","2038 a 2043",6,1420,1768,1420,Finalizado
"COLEGIO ""FRANCISCO D- TRAVERSARO""","2044 a 2052",9,2562,3113,2562,Finalizado
"ESC- Nº 929 ""POLICARPO PANDO""","2053 a 2058",6,1546,2005,1546,Finalizado
"ESC- Nº 821 ""VALENTÍN INSAURRALDE""","2059 a 2060",2,245,369,245,Finalizado
"COL- SEC- ""FÉLIX M- ROMEO""","2061 a 2067",7,1801,2323,1801,Finalizado
"ESC- NORMAL ""ALMTE- GUILLERMO BROWN""","2068 a 2078",11,3163,3850,3163,Finalizado
"ESC- Nº 54 ""CONRADO ROMERO""","2079 a 2083",5,1246,1534,1246,Finalizado
"ESC- Nº 802 ""ELVIRA S- PÉREZ DE JAIME""","2084 a 2089",6,1585,1906,1585,Finalizado
"ESC- Nº 490 ""MARCELINO A- ELIZONDO""","2090 a 2091",2,299,376,299,Finalizado
"ESC- Nº 492 ""ROGELIO BLANCO""","2092 a 2092",1,212,300,212,Finalizado
"ESC- Nº 743","2093 a 2093",1,89,129,89,Finalizado
"ESC- Nº 414 ""PTE- HIPÓLITO YRIGOYEN""","2094 a 2097",4,1162,1374,1162,Finalizado
"ESC- Nº 804 ""JOSEFINA B- ROMERO QUESADA""","2098 a 2098",1,271,335,271,Finalizado
"ESC- Nº 415 ""CNEL- MARTÍN J- THOMPSON""","2099 a 2106",8,2036,2800,2036,Finalizado
"ESC- PRIMARIA Nº 328 ""J- M- DURAN""","2107 a 2110",4,943,1220,943,Finalizado
"ESC- Nº 97 ""MANUEL F- MANTILLA""","2111 a 2124",14,3617,4900,3617,Finalizado
"ESC- TÉCNICA ""DR- JUAN G- PUJOL""","2125 a 2134",10,2649,3500,2649,Finalizado
"ESC- Nº 469 ""JUAN LARREA""","2135 a 2140",6,1361,1825,1361,Finalizado
"ESC- NORMAL ""MARÍA L- ROMÁN DE FRECHOU""","2141 a 2151",11,2563,3545,2563,Finalizado
"ESC- Nº 531 ""CATALINA G- DE FERNÁNDEZ""","2152 a 2156",5,1283,1653,1283,Finalizado
"ESC- Nº 101 ""SARGENTO JUAN B- CABRAL""","2157 a 2166",10,2510,3160,2510,Finalizado
"ESC- Nº 532 ""GENDARMERIA NACIONAL""","2167 a 2168",2,312,454,312,Finalizado
"ESC- Nº 478 ""GOB- TIERRA DEL FUEGO""","2169 a 2178",10,2574,3500,2574,Finalizado
"ESC- Nº 125 ""MANUEL CABRAL""","2179 a 2191",13,3102,4157,3102,Finalizado
"ESC- Nº 563","2192 a 2194",3,619,744,619,Finalizado
"ESC- Nº 703 ""TTE- GRAL- P- E- ARAMBURU""","2195 a 2195",1,18,39,18,Finalizado
"COLEGIO ""MAIPÚ""","2196 a 2201",6,1489,2044,1489,Finalizado
"ESC- Nº 515 ""AMADEO PANARIO""","2202 a 2204",3,653,842,653,Finalizado
"ESC- 29 ""PEDRO RÍOS""","2205 a 2217",7,1771,2215,1771,Finalizado
"ESCUELA NORMAL ""TAMBOR DE TACUARI""","2211 a 2216",6,1616,1992,1616,Finalizado
"ESC- Nº 742","2218 a 2218",1,72,127,72,Finalizado
"ESC- Nº 438","2219 a 2219",1,16,51,16,Finalizado
"ESC- Nº 799 ""MARÍA A- ARBO DE BORJAS""","2220 a 2227",8,2131,2636,2131,Finalizado
"ESC- Nº 72 ""M- E- ARAUJO DE BERNÁRDEZ""","2228 a 2233",6,1631,2003,1631,Finalizado
"ESC- Nº 648","2234 a 2245",12,3321,4200,3321,Finalizado
"ESC- Nº 968 ""CARMELO FERNÁNDEZ""","2246 a 2257",12,3080,3954,3080,Finalizado
"ESC- Nº 600 ""PCIA- DE MENDOZA""","2258 a 2258",1,98,140,98,Finalizado
"ESC- Nº 81 ""JUAN EUSEBIO TORRENT""","2259 a 2269",11,3122,3850,3122,Finalizado
"ESC- COMERCIAL ""JORGE NEWBERY""","2270 a 2281",12,3879,3926,3879,Finalizado
"ESC- Nº 424 ""JOSÉ FÉLIX AGUIRRE""","2282 a 2284",3,627,856,627,Finalizado
"ESC- Nº 613 ""ADA RAMONA TURCONI""","2285 a 2285",1,65,99,65,Finalizado
"ESC- COMERCIAL ""JUAN BAUTISTA ALBERDI""","2286 a 2295",10,2673,3500,2674,Finalizado
"ESC- Nº 71 ""JOSÉ R- MARIÑO""","2296 a 2305",10,2632,3500,2632,Finalizado
"ESC- Nº 495 ""PCIA- DE LA RIOJA""","2306 a 2343",10,2270,3202,2270,Finalizado
"ESC- N° 106 ""ISLAS MALVINAS""","2314 a 2322",9,2339,3150,2339,Finalizado
"ESC- Nº 107 ""O- M- DE MEZA""","2323 a 2332",10,2668,3500,2668,Finalizado
"ESC- TÉCNICA ""ING- R- CARRANZA""","2333 a 2341",9,2326,2973,2326,Finalizado
"ESC- Nº 64 ""JOSÉ LUIS OLIVARI""","2344 a 2347",4,995,1374,995,Finalizado
"ESC- Nº 244 ""ARMADA ARGENTINA""","2348 a 2348",1,96,167,96,Finalizado
"ESC- Nº 871","2349 a 2349",1,7,11,7,Finalizado
"ESC- Nº 419 ""GUARDA COSTAS RÍO IGUAZÚ""","2350 a 2353",4,1084,1389,1084,Finalizado
"ESC- Nº 752 ""PREFECTURA NAVAL ARGENTINA""","2354 a 2354",1,148,210,148,Finalizado
"ESC- Nº 418 ""AMÉRICO BOSCHETTI""","2355 a 2386",10,1746,3282,1746,Finalizado
"COL- SEC- DE SAN CARLOS","2364 a 2371",8,1369,2739,1369,Finalizado
"COLEGIO ""ANTONIO BIALE""","2372 a 2378",7,1767,2450,1767,Finalizado
"ESC- Nº 165 ""HÉROES CORRENTINOS""","2379 a 2385",7,1578,2145,1578,Finalizado
"ESCUELA NORMAL ""ESTEBAN ECHEVERRÍA""","2387 a 2396",10,2747,3500,2746,Finalizado
"ESC- Nº 656 ""24 DE SEPTIEMBRE""","2397 a 2405",9,2322,3021,2322,Finalizado
"ESC- Nº 143 ""PEDRO CELESTINO REYNA""","2406 a 2408",3,562,737,562,Finalizado
"ESC- Nº 661 ""ALBA DÍAZ DE TORIGINO""","2409 a 2409",1,244,332,244,Finalizado
"ESC- Nº 970 ""JOSEFA PAMPIN DE FONSECA""","2410 a 2410",1,6,15,6,Finalizado
"ESC- Nº 272","2411 a 2411",1,102,151,102,Finalizado
"ESC- Nº 102 ""NICOLÁS GALLARDO""","2412 a 2417",6,1523,2100,1523,Finalizado
"ESC- NORMAL SEC- ""PROF- R- M- GÓMEZ""","2418 a 2423",6,1451,1946,1451,Finalizado
"ESC- Nº 499 ""F- ANTONIO RIZZUTO""","2424 a 2427",4,943,1218,943,Finalizado
"ESC- Nº 105 ""PEDRO MATOSO""","2428 a 2436",9,2372,3150,2372,Finalizado
"ESC- SEC- ""ESCR- PEDRO LECONTE""","2437 a 2445",9,2155,2854,2155,Finalizado
"ESC- Nº 422 ""DR- HUGO GAUNA""","2446 a 2447",2,479,585,479,Finalizado
"ESC- Nº 608 ""SAGRADO CORAZÓN DE JESÚS""","2448 a 2448",1,202,241,202,Finalizado
"ESC- Nº 776","2449 a 2451",3,698,886,698,Finalizado
"ESC- Nº 783","2452 a 2452",1,56,80,56,Finalizado
"ESC- Nº 423 ""SUP- A- CANO DE LOTERO""","2453 a 2461",9,2341,3150,2341,Finalizado
"ESC- N- SUP- 1ER- TTE- ""MIGUEL A- GIMÉNEZ""","2462 a 2469",8,2102,2800,2102,Finalizado
"ESC- Nº 975 ""B- MARÍA GUTIÉRREZ""","2470 a 2476",7,1724,2176,1724,Finalizado
"ESC- COMERCIAL ""DR- MAMERTO ACUÑA""","2477 a 2487",11,2595,3850,2595,Finalizado
"ESC- Nº 123 ""JOSÉ CARMELO BELMONT""","2488 a 2496",9,1854,2708,1854,Finalizado
"ESC- Nº 686","2497 a 2498",2,309,395,309,Finalizado
"ESC- Nº 483 ""LORENZA PIÑEYRO DE RAMOS""","2499 a 2520",9,2235,2762,2235,Finalizado
"ESC- Nº 129 ""MELCHOR JULIÁN MEZA""","2504 a 2512",9,2311,2862,2311,Finalizado
"ESC- Nº 130 ""ROSARIO VERA PEÑALOZA""","2516 a 2519",4,924,1123,924,Finalizado
"COL- SECUNDARIO ""LORETO""","2521 a 2528",8,1980,2578,1980,Finalizado
"ESC- NORMAL SUP- ""DR- PEDRO BONASTRE""","2529 a 2550",12,2837,4012,2837,Finalizado
"ESC- Nº 676 ""DIRECTORA BALBINA NIELLA""","2539 a 2548",10,2137,3224,2137,Finalizado
"ESC- Nº 496 ""SANTIAGO MARÍA NIELLA""","2551 a 2555",5,1153,1610,1153,Finalizado
"ESC- Nº 497 ""LETICIA MARTÍNEZ DE VALLEJOS""","2556 a 2557",2,514,696,514,Finalizado
"ESC- PRIMARIA Nº 27 ""PAGO LARGO""","2558 a 2564",7,1675,2012,1675,Finalizado
"ESC- Nº 149","2565 a 2566",2,311,471,311,Finalizado
