,nombre,nombre_limpio
0,"ESC- Nº 3 ""DEL CENTENARIO""",Escuela Nº 3 DEL CENTENARIO
1,"ESC- Nº 2 ""DOMINGO F- SARMIENTO""",Escuela Nº 2 DOMINGO F SARMIENTO
2,"ESC- Nº 10 ""R- DE ESCALADA DE SAN MARTÍN""",Escuela Nº 10 R DE ESCALADA DE SAN MARTÍN
3,"ESC- Nº 402 ""GENARO BERÓN DE ASTRADA""",Escuela Nº 402 GENARO BERÓN DE ASTRADA
4,"COLEGIO POLIMODAL ""IBERÁ""",COLEGIO POLIMODAL IBERÁ
5,"ESC- Nº 9 ""GUSTAVO SOLANO GÓMEZ""",Escuela Nº 9 GUSTAVO SOLANO GÓMEZ
6,"ESC- Nº 11 ""DR- LISANDRO SEGOVIA""",Escuela Nº 11 Doctor LISANDRO SEGOVIA
7,"ESC- Nº 290 ""DR- JUAN R- VIDAL""",Escuela Nº 290 Doctor JUAN R VIDAL
8,"ESC- Nº 850 ""GDOR- JOSÉ M- DE LLANO""",Escuela Nº 850 Gobernador JOSÉ M DE LLANO
9,"ESC- Nº 291 ""DR- EUDORO VARGAS GÓMEZ""",Escuela Nº 291 Doctor EUDORO VARGAS GÓMEZ
10,"ESC- Nº 299 ""JUAN ALFREDO ASUAD""",Escuela Nº 299 JUAN ALFREDO ASUAD
11,"COLEGIO ""GRAL- SAN MARTÍN""",COLEGIO General SAN MARTÍN
12,"ESC- Nº 4 ""MARIANO MORENO""",Escuela Nº 4 MARIANO MORENO
13,"ESCUELA NORMAL ""DR- JUAN PUJOL""",ESCUELA NORMAL Doctor JUAN PUJOL
14,"ESC- Nº 1 ""MANUEL BELGRANO""",Escuela Nº 1 MANUEL BELGRANO
15,"ESC- TÉCNICA Nº 2 ""BERNARDINO RIVADAVIA""",Escuela TÉCNICA Nº 2 BERNARDINO RIVADAVIA
16,"ESC- TÉCNICA Nº 1 ""JUANA MANSO""",Escuela TÉCNICA Nº 1 JUANA MANSO
17,"ESC- Nº 607 ""BERNARDINO RIVADAVIA""",Escuela Nº 607 BERNARDINO RIVADAVIA
18,"ESC- Nº 7 ""ISABEL E- VERA""",Escuela Nº 7 ISABEL E VERA
19,"ESC- Nº 275 ""ISIDRO E- MOREIRA""",Escuela Nº 275 ISIDRO E MOREIRA
20,"ESC- Nº 146 ""CRUCERO GRAL- BELGRANO""",Escuela Nº 146 CRUCERO General BELGRANO
21,"ESC- Nº 345 ""FRANCISCO REGIS ORTIZ""",Escuela Nº 345 FRANCISCO REGIS ORTIZ
22,"ESC- COMERCIAL ""PTE- DR- ARTURO U- ILLIA""",Escuela COMERCIAL PTE Doctor ARTURO U ILLIA
23,"ESC- Nº 956 ""N- SRA- DE LA MEDALLA MILAGROSA""",Escuela Nº 956 N SRA DE LA MEDALLA MILAGROSA
24,"ESC- Nº 139 ""AMBROSIO DE ACOSTA""",Escuela Nº 139 AMBROSIO DE ACOSTA
25,"COL- POLIM- ""CAUTIVAS CORRENTINAS""",Colegio Polimodal CAUTIVAS CORRENTINAS
26,"ESC- Nº 368 ""MAESTROS CORRENTINOS""",Escuela Nº 368 MAESTROS CORRENTINOS
27,"COL- SEC- ""FRAY JOSÉ DE LA QUINTANA""",Colegio SEC FRAY JOSÉ DE LA QUINTANA
28,"ESC- SECUNDARIA ""DR- JOSÉ FCO- SOLER""",Escuela SECUNDARIA Doctor JOSÉ FCO SOLER
29,"ESC- Nº 666 ""PEDRO BENJAMÍN SERRANO""",Escuela Nº 666 PEDRO BENJAMÍN SERRANO
30,"COL- SEC- ""FERNANDO PIRAGINE NIVEYRO""",Colegio SEC FERNANDO PIRAGINE NIVEYRO
31,"ESC- Nº 353 ""DR- FÉLIX MARÍA GÓMEZ""",Escuela Nº 353 Doctor FÉLIX MARÍA GÓMEZ
32,"COLEGIO ""MANUEL VICENTE FIGUERERO""",COLEGIO MANUEL VICENTE FIGUERERO
33,"ESC- Nº 34 ""EL SANTO DE LA ESPADA""",Escuela Nº 34 EL SANTO DE LA ESPADA
34,"ESC- Nº 404 ""DR- EDUARDO WILDE""",Escuela Nº 404 Doctor EDUARDO WILDE
35,"ESC- COMERCIAL ""DR- LUIS FEDERICO LELOIR""",Escuela COMERCIAL Doctor LUIS FEDERICO LELOIR
36,"INST- CENTRO DE EDUC- FÍSICA Nº 1 ""PROF- E- J- ROBLES""",Instituto CENTRO DE EDUC FÍSICA Nº 1 PROF E J ROBLES
37,ESCUELA TECNICA U-O-C-R-A-,ESCUELA TECNICA UOCRA
38,"CDI ""RAYITO DE LUZ""",CDI RAYITO DE LUZ
39,"CDI ""GRILLITO SALTARIN""",CDI GRILLITO SALTARIN
40,"CDI ""ARA PORA""",CDI ARA PORA
41,"ESC- Nº 444 ""SALVADOR MARÍA DÍAZ""",Escuela Nº 444 SALVADOR MARÍA DÍAZ
42,"ESC- ESPECIAL Nº 1 ""DRA- CAROLINA TOBAR GARCÍA""",Escuela ESPECIAL Nº 1 DRA CAROLINA TOBAR GARCÍA
43,"COL- POLIMODAL ""OLGA COSSETTINI""",Colegio POLIMODAL OLGA COSSETTINI
44,"ESC- Nº 258 ""RCA-DEL PARAGUAY""",Escuela Nº 258 RCADEL PARAGUAY
45,COL- SECUNDARIO DEL BARRIO ONGAY (IRUPÉ),Colegio SECUNDARIO DEL BARRIO ONGAY IRUPÉ
46,"ESC- NORMAL ""JOSÉ MANUEL ESTRADA""",Escuela NORMAL JOSÉ MANUEL ESTRADA
47,"ESC- Nº 808 ""DR- VICTORIANO E- MONTES""",Escuela Nº 808 Doctor VICTORIANO E MONTES
48,"ESCUELA Nº 6 ""PUBLIO ESCOBAR""",ESCUELA Nº 6 PUBLIO ESCOBAR
49,"ESC- TÉCNICA ""BRIG- PEDRO FERRÉ""",Escuela TÉCNICA BRIG PEDRO FERRÉ
50,"COL- POLIMODAL ""BRIG- GRAL- PEDRO FERRÉ""",Colegio POLIMODAL BRIG General PEDRO FERRÉ
51,"ESC- Nº 12 ""ALTE- BROWN""",Escuela Nº 12 ALTE BROWN
52,ANEXO HOGAR ESCUELA,ANEXO HOGAR ESCUELA
53,"ESC- Nº 157 ""TERCERA ORDEN S- F- DE ASIS""",Escuela Nº 157 TERCERA ORDEN S F DE ASIS
54,"ESC- Nº 8 ""JUAN BAUTISTA ALBERDI""",Escuela Nº 8 JUAN BAUTISTA ALBERDI
55,"ESC- Nº 293 ""TTE- GRAL- DONATO ÁLVAREZ""",Escuela Nº 293 Teniente General DONATO ÁLVAREZ
56,"ESC- Nº 430 ""PROVINCIA DE SALTA""",Escuela Nº 430 PROVINCIA DE SALTA
57,"ESC- Nº 5 ""ESPAÑA""",Escuela Nº 5 ESPAÑA
58,"ESC- Nº 14 ""DEL SESQUICENTENARIO""",Escuela Nº 14 DEL SESQUICENTENARIO
59,"ESC- Nº 158 ""COLEGIO ARGENTINO""",Escuela Nº 158 COLEGIO ARGENTINO
60,"ESC- Nº 296 ""PROF- MANUEL CABRAL (H)""",Escuela Nº 296 PROF MANUEL CABRAL H
61,"COL- SECUNDARIO ""AGOP SEFERIAN""",Colegio SECUNDARIO AGOP SEFERIAN
62,"COL- SEC- ""EDGAR ROMERO MACIEL""",Colegio SEC EDGAR ROMERO MACIEL
63,"COL- SEC- ""PTE- DR- RAÚL R- ALFONSÍN""",Colegio SEC PTE Doctor RAÚL R ALFONSÍN
64,"ESC- Nº 323 ""ISLAS MALVINAS""",Escuela Nº 323 ISLAS MALVINAS
65,"COL- POLIMODAL ""PTE- DR- ARTURO FRONDIZI""",Colegio POLIMODAL PTE Doctor ARTURO FRONDIZI
66,"ESC- Nº 371 ""GRAL- TORIBIO DE LUZURIAGA""",Escuela Nº 371 General TORIBIO DE LUZURIAGA
67,"ESC- Nº 606 ""PROV- DE BUENOS AIRES""",Escuela Nº 606 PROV DE BUENOS AIRES
68,COL- SECUNDARIO DEL B° APIPE,Colegio SECUNDARIO DEL B APIPE
69,"ESC- Nº 955 ""LIBERTADOR DE AMÉRICA""",Escuela Nº 955 LIBERTADOR DE AMÉRICA
70,"COL- POLIMODAL ""DR- ELOY ORTEGA""",Colegio POLIMODAL Doctor ELOY ORTEGA
71,"ESC- Nº 369 ""MAESTRO CÉSAR R- TELECHEA""",Escuela Nº 369 MAESTRO CÉSAR R TELECHEA
72,"ESC- TÉCNICA ""FRAY LUIS BELTRÁN""",Escuela TÉCNICA FRAY LUIS BELTRÁN
73,"COLEGIO SECUNDARIO ""J-M-PONCE""",COLEGIO SECUNDARIO JMPONCE
74,"ESC- Nº 599 ""DR- A- CONTTE""",Escuela Nº 599 Doctor A CONTTE
75,"ESC- Nº 443 ""GRAL- JOAQUÍN MADARIAGA""",Escuela Nº 443 General JOAQUÍN MADARIAGA
76,"ESC- Nº 439 ""NIÑAS DE AYOHUMA""",Escuela Nº 439 NIÑAS DE AYOHUMA
77,"COL- POLIMODAL ""DR- RENÉ FAVALORO""",Colegio POLIMODAL Doctor RENÉ FAVALORO
78,"ESC- Nº 957 ""JUAN RAMÓN FERNÁNDEZ""",Escuela Nº 957 JUAN RAMÓN FERNÁNDEZ
79,"COL- SECUNDARIO ""JUANA F-CABRAL""",Colegio SECUNDARIO JUANA FCABRAL
80,"ESC- Nº 356 ""JORGE LUIS BORGES""",Escuela Nº 356 JORGE LUIS BORGES
81,"ESC- Nº 403 ""BARTOLOMÉ MITRE""",Escuela Nº 403 BARTOLOMÉ MITRE
82,"ESCUELA NORMAL""CNEL- JOSÉ ARMAND""",ESCUELA NORMALCNEL JOSÉ ARMAND
83,"COL- SECUNDARIO ""SAN CAYETANO""",Colegio SECUNDARIO SAN CAYETANO
84,"ESC- Nº 605 ""EJÉRCITO ARGENTINO""",Escuela Nº 605 EJÉRCITO ARGENTINO
85,"ESC- Nº 553 ""SAN CAYETANO""",Escuela Nº 553 SAN CAYETANO
86,"ESC- Nº 65 ""JOSÉ EUSEBIO GÓMEZ""",Escuela Nº 65 JOSÉ EUSEBIO GÓMEZ
87,"ESC- Nº 511 ""PREF- NAVAL ARGENTINA""",Escuela Nº 511 PREF NAVAL ARGENTINA
88,"ESC- Nº 67 ""ISABEL KING""",Escuela Nº 67 ISABEL KING
89,"COL- SEC- ""M- GÜEMES DE TEJADA""",Colegio SEC M GÜEMES DE TEJADA
90,"ESC- Nº 66 ""JOSÉ DE SAN MARTÍN""",Escuela Nº 66 JOSÉ DE SAN MARTÍN
91,"COLEGIO ""DR- JUAN E- TORRENT""",COLEGIO Doctor JUAN E TORRENT
92,"ESC- NORMAL ""M- I- LOZA""",Escuela NORMAL M I LOZA
93,COL- SEC- EN GOYA,Colegio SEC EN GOYA
94,"ESC- Nº 254 ""DR- PEDRO A- DÍAZ COLODRERO""",Escuela Nº 254 Doctor PEDRO A DÍAZ COLODRERO
95,"ESC- Nº 207 ""ENRIQUE CARLES VILA""",Escuela Nº 207 ENRIQUE CARLES VILA
96,"ESC- Nº 440 ""COMPAÑÍA DE INGENIEROS 7""",Escuela Nº 440 COMPAÑÍA DE INGENIEROS 7
97,ESC- Nº 601,Escuela Nº 601
98,"ESC- Nº 463 ""PROVINCIA DE LA PAMPA""",Escuela Nº 463 PROVINCIA DE LA PAMPA
99,"ESC- Nº 197 ""MANUEL A- PANDO""",Escuela Nº 197 MANUEL A PANDO
100,ESCUELA Nº 370,ESCUELA Nº 370
101,"COL- SEC- ""SAGRADO CORAZON DE JESÚS""",Colegio SEC SAGRADO CORAZON DE JESÚS
102,"ESC Nº 118 ""HÉROES DE MALVINAS""",Escuela Nº 118 HÉROES DE MALVINAS
103,EFA COEMBOTA EX ESC- 680,EFA COEMBOTA EX Escuela 680
104,"ESC- Nº 406 ""JOSÉ JACINTO ROLÓN""",Escuela Nº 406 JOSÉ JACINTO ROLÓN
105,"ESC- Nº 512 ""SRTA- M- M- CENOZ""",Escuela Nº 512 SRTA M M CENOZ
106,"ESC- Nº 745 ""ROSA GUARÚ""",Escuela Nº 745 ROSA GUARÚ
107,"ESC- Nº 690 ""WOLF SCHCOLNIK""",Escuela Nº 690 WOLF SCHCOLNIK
108,"ESC- Nº 526 ""DR- DIEGO N- DÍAZ COLODRERO""",Escuela Nº 526 Doctor DIEGO N DÍAZ COLODRERO
109,"ESC- Nº 861 ""DR- M- SUSSINI""",Escuela Nº 861 Doctor M SUSSINI
110,"ESC- Nº 32 ""M- BELGRANO""",Escuela Nº 32 M BELGRANO
111,"COLEGIO ""GRAL- MANUEL BELGRANO""",COLEGIO General MANUEL BELGRANO
112,"ESC- Nº 564 ""DOMINGO FAUSTINO SARMIENTO""",Escuela Nº 564 DOMINGO FAUSTINO SARMIENTO
113,"ESC- TÉCNICA Nº 1 ""ING- J- J- GÓMEZ ARAUJO""",Escuela TÉCNICA Nº 1 ING J J GÓMEZ ARAUJO
114,"COL- SEC- ""BARNIDIO ABELARDO SORRIBES""",Colegio SEC BARNIDIO ABELARDO SORRIBES
115,"ESC- Nº 321 ""HUGO OSCAR ROSENDE""",Escuela Nº 321 HUGO OSCAR ROSENDE
116,"ESC- Nº 471 ""16 DE NOVIEMBRE""",Escuela Nº 471 16 DE NOVIEMBRE
117,"ESC- Nº 435 ""CENTENARIO""",Escuela Nº 435 CENTENARIO
118,"COL- SEC- ""GRAL- J- DE SAN MARTÍN""",Colegio SEC General J DE SAN MARTÍN
119,"ESC- Nº 565 ""DR- JUAN B- ALBERDI""",Escuela Nº 565 Doctor JUAN B ALBERDI
120,"ESC- Nº 572 ""CAZADORES CORRENTINOS""",Escuela Nº 572 CAZADORES CORRENTINOS
121,"ESC- Nº 575 ""JUANA RAMÍREZ DE BARRIENTOS""",Escuela Nº 575 JUANA RAMÍREZ DE BARRIENTOS
122,ESC- Nº 585,Escuela Nº 585
123,"ESC- Nº 410 ""PCIA- DE SANTA CRUZ""",Escuela Nº 410 Provincia DE SANTA CRUZ
124,"ESC- Nº 38 ""JOSÉ MARÍA PAZ""",Escuela Nº 38 JOSÉ MARÍA PAZ
125,"ESC- Nº 83 ""JOSÉ MANUEL ESTRADA""",Escuela Nº 83 JOSÉ MANUEL ESTRADA
126,"ESC- Nº 84 ""ALBINO ARBO""",Escuela Nº 84 ALBINO ARBO
127,"ESC- Nº 82 ""AMADO BONPLAND""",Escuela Nº 82 AMADO BONPLAND
128,"ESC- Nº 472 ""PCIA- DE CÓRDOBA""",Escuela Nº 472 Provincia DE CÓRDOBA
129,"ESC- Nº 85 ""MODESTO T- LEITES""",Escuela Nº 85 MODESTO T LEITES
130,"ESC- NORMAL ""MANUEL FLORENCIO MANTILLA""",Escuela NORMAL MANUEL FLORENCIO MANTILLA
131,"ESC- Nº 588 ""PCIA- DE SAN JUAN""",Escuela Nº 588 Provincia DE SAN JUAN
132,"ESC- Nº 589 ""A- E- BIANCHI DE ARBALLO""",Escuela Nº 589 A E BIANCHI DE ARBALLO
133,"ESC- Nº 974 ""VETERANOS DE MALVINAS""",Escuela Nº 974 VETERANOS DE MALVINAS
134,"ESC- Nº 973 ""ARTURO H- ILLIA""",Escuela Nº 973 ARTURO H ILLIA
135,"ESC- Nº 407 ""PCIA- DE JUJUY""",Escuela Nº 407 Provincia DE JUJUY
136,"ESC- Nº 408 ""RÍO NEGRO""",Escuela Nº 408 RÍO NEGRO
137,"ESC- Nº 587 ""ELVIRA SÁNCHEZ DE MACIEL""",Escuela Nº 587 ELVIRA SÁNCHEZ DE MACIEL
138,"COL- SECUNDARIO ""BOQUERON""",Colegio SECUNDARIO BOQUERON
139,"ESC Nº 768 ""MARGARITA A- DE IRASTORZA""",Escuela Nº 768 MARGARITA A DE IRASTORZA
140,"ESC- NORMAL ""DR- J- ALFREDO FERREIRA""",Escuela NORMAL Doctor J ALFREDO FERREIRA
141,"ESC- Nº 620 ""EMMA JULIA MULTEDO""",Escuela Nº 620 EMMA JULIA MULTEDO
142,"ESC- TÉCNICA Nº 1 ""DR- J- RAMÓN VIDAL""",Escuela TÉCNICA Nº 1 Doctor J RAMÓN VIDAL
143,"ESC- Nº 279 ""JUAN XXIII""",Escuela Nº 279 JUAN XXIII
144,COL- SEC- DE ESQUINA,Colegio SEC DE ESQUINA
145,"ESC- Nº 53 ""RAMÓN F- GARCÍA""",Escuela Nº 53 RAMÓN F GARCÍA
146,"ESC- Nº 528 ""PABLO PIZZURNO""",Escuela Nº 528 PABLO PIZZURNO
147,"ESC- Nº 405 ""MARÍA J- FERREYRA DE BARRIOS""",Escuela Nº 405 MARÍA J FERREYRA DE BARRIOS
148,ESC- NORMAL DEL LIBERTADOR,Escuela NORMAL DEL LIBERTADOR
149,"ESC- Nº 637 ""DR- JOSÉ ALFREDO FERREIRA""",Escuela Nº 637 Doctor JOSÉ ALFREDO FERREIRA
150,"ESC- Nº 627 ""PROF- REINALDO G- MARÍN""",Escuela Nº 627 PROF REINALDO G MARÍN
151,"ESC- Nº 465 ""FRANCISCO BOCALANDRO""",Escuela Nº 465 FRANCISCO BOCALANDRO
152,"ESC- Nº 635 ""SANTA MARÍA""",Escuela Nº 635 SANTA MARÍA
153,"ESC- NORMAL SUP- ""DR- HIPÓLITO E- BAIBIENE""",Escuela NORMAL SUP Doctor HIPÓLITO E BAIBIENE
154,"ESC- Nº 75 ""DR- JUAN ESTEBAN MARTÍNEZ""",Escuela Nº 75 Doctor JUAN ESTEBAN MARTÍNEZ
155,COL- SEC- MAESTRO DAISAKU IKEDA,Colegio SEC MAESTRO DAISAKU IKEDA
156,ESC-PRIMARIA COMÚN Nº 959,EscuelaPRIMARIA COMÚN Nº 959
157,"ESC- Nº 458 ""PCIA- DE MISIONES""",Escuela Nº 458 Provincia DE MISIONES
158,COL- SEC- EN PUERTO VIEJO,Colegio SEC EN PUERTO VIEJO
159,ESC- Nº 530,Escuela Nº 530
160,ESC- Nº 453,Escuela Nº 453
161,"ESC- Nº 455 ""PROVINCIA DE FORMOSA""",Escuela Nº 455 PROVINCIA DE FORMOSA
162,"COL- SEC- ""VÍCTOR MANUEL LÓPEZ""",Colegio SEC VÍCTOR MANUEL LÓPEZ
163,"ESC- Nº 425 ""SAMUEL VALENTÍN MEZA""",Escuela Nº 425 SAMUEL VALENTÍN MEZA
164,"ESC- Nº 141 ""BERÓN DE ASTRADA""",Escuela Nº 141 BERÓN DE ASTRADA
165,"ESC- NORMAL ""PROF- VÍCTOR MERCANTE""",Escuela NORMAL PROF VÍCTOR MERCANTE
166,"ESC- Nº 554 ""JOSEFA F- DOS SANTOS""",Escuela Nº 554 JOSEFA F DOS SANTOS
167,"ESC- Nº 142 ""DR- JOSÉ- V- ZUBIAUR""",Escuela Nº 142 Doctor JOSÉ V ZUBIAUR
168,ESC- TEC- DE SANTO TOMÉ,Escuela TEC DE SANTO TOMÉ
169,"ESC- Nº 311 ""PROF- JOSÉ R- GUTIÉRREZ""",Escuela Nº 311 PROF JOSÉ R GUTIÉRREZ
170,"ESC- Nº 811 ""PABLO ARGILADA""",Escuela Nº 811 PABLO ARGILADA
171,"ESC- Nº 559 ""CORONEL DESIDERIO SOSA""",Escuela Nº 559 CORONEL DESIDERIO SOSA
172,"ESC- Nº 416 ""SUBOFICIAL- PABLO OBREGÓN""",Escuela Nº 416 SUBOFICIAL PABLO OBREGÓN
173,"ESC- Nº 417 ""ALEJO CAMILO LÓPEZ""",Escuela Nº 417 ALEJO CAMILO LÓPEZ
174,"ESC- Nº 86 ""LIB- GRAL- JOSÉ DE SAN MARTÍN""",Escuela Nº 86 LIB General JOSÉ DE SAN MARTÍN
175,ESC- COMERCIAL VIRASORO,Escuela COMERCIAL VIRASORO
176,"ESC- NORMAL ""PAULA A- DE SARMIENTO""",Escuela NORMAL PAULA A DE SARMIENTO
177,"ESC- Nº 560 ""VICTORIANA DELGADO DE SOTO""",Escuela Nº 560 VICTORIANA DELGADO DE SOTO
178,"ESCUELA TÉCNICA ""NUEVO MILENIO""",ESCUELA TÉCNICA NUEVO MILENIO
179,COL- SEC- DEL B° RAÚL ALFONSÍN,Colegio SEC DEL B RAÚL ALFONSÍN
180,COL- SEC- B° DE OMBÚ,Colegio SEC B DE OMBÚ
181,"ESC- Nº 15 ""MANUEL BELGRANO""",Escuela Nº 15 MANUEL BELGRANO
182,"ESC- Nº 775 ""DR- RENÉ FAVALORO""",Escuela Nº 775 Doctor RENÉ FAVALORO
183,"ESC- Nº 596 ""MARCOS GALARZA""",Escuela Nº 596 MARCOS GALARZA
184,"ESC- Nº 93 ""GENERAL SAN MARTÍN""",Escuela Nº 93 GENERAL SAN MARTÍN
185,"ESC- NORMAL SUP- ""VALENTÍN VIRASORO""",Escuela NORMAL SUP VALENTÍN VIRASORO
186,"ESC- Nº 667 ""VICENTE ELADIO VERÓN""",Escuela Nº 667 VICENTE ELADIO VERÓN
187,"ESC- TEC- ""AMALIA DEL V- H- DE AGUIRRE""",Escuela TEC AMALIA DEL V H DE AGUIRRE
188,"ESC- Nº 477 ""MERCEDES FRANCO""",Escuela Nº 477 MERCEDES FRANCO
189,"COL- SECUNDARIO ""PASO DE LOS LIBRES""",Colegio SECUNDARIO PASO DE LOS LIBRES
190,"ESC- Nº 619 ""URUGUAYANA""",Escuela Nº 619 URUGUAYANA
191,ESC- TEC- GRAL- J-DE MADARIAGA,Escuela TEC General JDE MADARIAGA
192,"ESC- PRIMARIA Nº 980 ""E- MONTIEL""",Escuela PRIMARIA Nº 980 E MONTIEL
193,COL- SEC- PTE- ARTURO FRONDIZI,Colegio SEC PTE ARTURO FRONDIZI
194,"ESC- Nº 265 ""G- M- DE SAN MARTÍN""",Escuela Nº 265 G M DE SAN MARTÍN
195,"ESC- Nº 516 ""SAN JOSÉ DE CALASANZ""",Escuela Nº 516 SAN JOSÉ DE CALASANZ
196,ESC- Nº 590,Escuela Nº 590
197,"ESC- Nº 670 ""ANTÁRTIDA ARGENTINA""",Escuela Nº 670 ANTÁRTIDA ARGENTINA
198,"ESC- Nº 413 ""AMADO BONPLAND""",Escuela Nº 413 AMADO BONPLAND
199,"ESC- Nº 227 ""CORONEL SIMEON PAYBA""",Escuela Nº 227 CORONEL SIMEON PAYBA
200,"ESC- Nº 668 ""CAP- DE FGTA- ARTURO FREYCHE""",Escuela Nº 668 CAP DE FGTA ARTURO FREYCHE
201,"ESC- NORMAL ""RAMÓN J- CÁRCANO""",Escuela NORMAL RAMÓN J CÁRCANO
202,"ESC- Nº 88 ""DEL CENTENARIO""",Escuela Nº 88 DEL CENTENARIO
203,"INST- FORM- DOCENTE ""R- J- CÁRCANO""",Instituto FORM DOCENTE R J CÁRCANO
204,"COL- SEC- ""JUAN PABLO II""",Colegio SEC JUAN PABLO II
205,"COL- SEC- ""ERNESTO SÁBATO""",Colegio SEC ERNESTO SÁBATO
206,"ESC- TÉCNICA ""PEDRO FERRÉ""",Escuela TÉCNICA PEDRO FERRÉ
207,"ESC- Nº 432 ""J- M- RAMOS MEJIA""",Escuela Nº 432 J M RAMOS MEJIA
208,"ESC- Nº 475 ""TACUABÉ""",Escuela Nº 475 TACUABÉ
209,"ESC- Nº 549 ""CEFERINO RAMÍREZ""",Escuela Nº 549 CEFERINO RAMÍREZ
210,ESC- Nº 409,Escuela Nº 409
211,"ESC- Nº 645 ""COMANDANTE T- ESPORA""",Escuela Nº 645 COMANDANTE T ESPORA
212,"ESC- Nº 644 ""JUSTO JOSÉ DE URQUIZA""",Escuela Nº 644 JUSTO JOSÉ DE URQUIZA
213,"ESC- Nº 186 ""GRAN MALVINA""",Escuela Nº 186 GRAN MALVINA
214,"COL- SEC- ""GREGORIA MATORRAS""",Colegio SEC GREGORIA MATORRAS
215,"ESC- NORMAL ""MARTÍN MIGUEL DE GÜEMES""",Escuela NORMAL MARTÍN MIGUEL DE GÜEMES
216,"ESC- TÉCNICA ""NTRA- SRA- DE ITATÍ""",Escuela TÉCNICA NTRA SRA DE ITATÍ
217,"ESC- Nº 755 ""PURA GAUNA DE MACIEL""",Escuela Nº 755 PURA GAUNA DE MACIEL
218,"ESC- Nº 812 ""PABLO ARGILAGA""",Escuela Nº 812 PABLO ARGILAGA
219,ESC- Nº 784,Escuela Nº 784
220,"ESC- Nº 111 ""VENANCIO NAZAR""",Escuela Nº 111 VENANCIO NAZAR
221,"ESC- Nº 121 ""R- DE E- DE SAN MARTÍN""",Escuela Nº 121 R DE E DE SAN MARTÍN
222,ESC- Nº 437,Escuela Nº 437
223,"ESC- Nº 795 ""GIL LORENZO BAGLIARDI""",Escuela Nº 795 GIL LORENZO BAGLIARDI
224,ESC- NORMAL SUPERIOR,Escuela NORMAL SUPERIOR
225,"ESC- Nº 451 ""GRAL- JOSÉ MARÍA PAZ""",Escuela Nº 451 General JOSÉ MARÍA PAZ
226,"COLEGIO ""DR- JOSÉ LUIS SÉRSIC""",COLEGIO Doctor JOSÉ LUIS SÉRSIC
227,"ESCUELA Nº 16 ""PEDRO FERRE""",ESCUELA Nº 16 PEDRO FERRE
228,"ESC- Nº 665 ""PCIA- DE CHUBUT""",Escuela Nº 665 Provincia DE CHUBUT
229,"ESC- Nº 344 ""PREF- NAVAL ARGENTINA""",Escuela Nº 344 PREF NAVAL ARGENTINA
230,"ESC- TÉCNICA ""JUAN E- MARTÍNEZ""",Escuela TÉCNICA JUAN E MARTÍNEZ
231,COL- SECUNDARIO B° NORTE,Colegio SECUNDARIO B NORTE
232,"ESC- Nº 18 ""CNEL- DANIEL L- ARTAZA""",Escuela Nº 18 CNEL DANIEL L ARTAZA
233,ESC- Nº 846,Escuela Nº 846
234,"ESC- Nº 436 ""PADRE JORGE KLOSTER""",Escuela Nº 436 PADRE JORGE KLOSTER
235,"ESC- Nº 452 ""PCIA- DE CORRIENTES""",Escuela Nº 452 Provincia DE CORRIENTES
236,"ESC- NORMAL ""DR- F- PIRAGINE NIVEYRO""",Escuela NORMAL Doctor F PIRAGINE NIVEYRO
237,"ESC- Nº 43 ""GERVASIO GÓMEZ""",Escuela Nº 43 GERVASIO GÓMEZ
238,"ESC- Nº 44 ""GDOR- DR- P- NIVEYRO""",Escuela Nº 44 Gobernador Doctor P NIVEYRO
239,"ESC- Nº 421 ""CATALINA A- BILLORDO""",Escuela Nº 421 CATALINA A BILLORDO
240,ESC- Nº 709,Escuela Nº 709
241,"ESC- Nº 536 ""ANGÉLICA UGOLINI""",Escuela Nº 536 ANGÉLICA UGOLINI
242,"ESC- Nº 540 ""GUMERSINDA S- DE SANZ""",Escuela Nº 540 GUMERSINDA S DE SANZ
243,"ESC- Nº 449 ""C- DE FGTA- PEDRO E- GIACHINO""",Escuela Nº 449 C DE FGTA PEDRO E GIACHINO
244,"ESC- Nº 133 ""GENARO PERUGORRÍA""",Escuela Nº 133 GENARO PERUGORRÍA
245,"ESC- Nº 134 ""FRAY J- DE LA QUINTANA""",Escuela Nº 134 FRAY J DE LA QUINTANA
246,"ESC- NORMAL ""J- GARCÍA DE COSSIO""",Escuela NORMAL J GARCÍA DE COSSIO
247,"ESC- Nº 518 ""JUAN DE LA ROSA LEDESMA""",Escuela Nº 518 JUAN DE LA ROSA LEDESMA
248,"COLEGIO ""FRANCISCO D- TRAVERSARO""",COLEGIO FRANCISCO D TRAVERSARO
249,"ESC- Nº 929 ""POLICARPO PANDO""",Escuela Nº 929 POLICARPO PANDO
250,"ESC- Nº 821 ""VALENTÍN INSAURRALDE""",Escuela Nº 821 VALENTÍN INSAURRALDE
251,"COL- SEC- ""FÉLIX M- ROMEO""",Colegio SEC FÉLIX M ROMEO
252,"ESC- NORMAL ""ALMTE- GUILLERMO BROWN""",Escuela NORMAL ALMTE GUILLERMO BROWN
253,"ESC- Nº 54 ""CONRADO ROMERO""",Escuela Nº 54 CONRADO ROMERO
254,"ESC- Nº 802 ""ELVIRA S- PÉREZ DE JAIME""",Escuela Nº 802 ELVIRA S PÉREZ DE JAIME
255,"ESC- Nº 490 ""MARCELINO A- ELIZONDO""",Escuela Nº 490 MARCELINO A ELIZONDO
256,"ESC- Nº 492 ""ROGELIO BLANCO""",Escuela Nº 492 ROGELIO BLANCO
257,ESC- Nº 743,Escuela Nº 743
258,"ESC- Nº 414 ""PTE- HIPÓLITO YRIGOYEN""",Escuela Nº 414 PTE HIPÓLITO YRIGOYEN
259,"ESC- Nº 804 ""JOSEFINA B- ROMERO QUESADA""",Escuela Nº 804 JOSEFINA B ROMERO QUESADA
260,"ESC- Nº 415 ""CNEL- MARTÍN J- THOMPSON""",Escuela Nº 415 CNEL MARTÍN J THOMPSON
261,"ESC- PRIMARIA Nº 328 ""J- M- DURAN""",Escuela PRIMARIA Nº 328 J M DURAN
262,"ESC- Nº 97 ""MANUEL F- MANTILLA""",Escuela Nº 97 MANUEL F MANTILLA
263,"ESC- TÉCNICA ""DR- JUAN G- PUJOL""",Escuela TÉCNICA Doctor JUAN G PUJOL
264,"ESC- Nº 469 ""JUAN LARREA""",Escuela Nº 469 JUAN LARREA
265,"ESC- NORMAL ""MARÍA L- ROMÁN DE FRECHOU""",Escuela NORMAL MARÍA L ROMÁN DE FRECHOU
266,"ESC- Nº 531 ""CATALINA G- DE FERNÁNDEZ""",Escuela Nº 531 CATALINA G DE FERNÁNDEZ
267,"ESC- Nº 101 ""SARGENTO JUAN B- CABRAL""",Escuela Nº 101 SARGENTO JUAN B CABRAL
268,"ESC- Nº 532 ""GENDARMERIA NACIONAL""",Escuela Nº 532 GENDARMERIA NACIONAL
269,"ESC- Nº 478 ""GOB- TIERRA DEL FUEGO""",Escuela Nº 478 GOB TIERRA DEL FUEGO
270,"ESC- Nº 125 ""MANUEL CABRAL""",Escuela Nº 125 MANUEL CABRAL
271,ESC- Nº 563,Escuela Nº 563
272,"ESC- Nº 703 ""TTE- GRAL- P- E- ARAMBURU""",Escuela Nº 703 Teniente General P E ARAMBURU
273,"COLEGIO ""MAIPÚ""",COLEGIO MAIPÚ
274,"ESC- Nº 515 ""AMADEO PANARIO""",Escuela Nº 515 AMADEO PANARIO
275,"ESC- 29 ""PEDRO RÍOS""",Escuela 29 PEDRO RÍOS
276,"ESCUELA NORMAL ""TAMBOR DE TACUARI""",ESCUELA NORMAL TAMBOR DE TACUARI
277,ESC- Nº 742,Escuela Nº 742
278,ESC- Nº 438,Escuela Nº 438
279,"ESC- Nº 799 ""MARÍA A- ARBO DE BORJAS""",Escuela Nº 799 MARÍA A ARBO DE BORJAS
280,"ESC- Nº 72 ""M- E- ARAUJO DE BERNÁRDEZ""",Escuela Nº 72 M E ARAUJO DE BERNÁRDEZ
281,ESC- Nº 648,Escuela Nº 648
282,"ESC- Nº 968 ""CARMELO FERNÁNDEZ""",Escuela Nº 968 CARMELO FERNÁNDEZ
283,"ESC- Nº 600 ""PCIA- DE MENDOZA""",Escuela Nº 600 Provincia DE MENDOZA
284,"ESC- Nº 81 ""JUAN EUSEBIO TORRENT""",Escuela Nº 81 JUAN EUSEBIO TORRENT
285,"ESC- COMERCIAL ""JORGE NEWBERY""",Escuela COMERCIAL JORGE NEWBERY
286,"ESC- Nº 424 ""JOSÉ FÉLIX AGUIRRE""",Escuela Nº 424 JOSÉ FÉLIX AGUIRRE
287,"ESC- Nº 613 ""ADA RAMONA TURCONI""",Escuela Nº 613 ADA RAMONA TURCONI
288,"ESC- COMERCIAL ""JUAN BAUTISTA ALBERDI""",Escuela COMERCIAL JUAN BAUTISTA ALBERDI
289,"ESC- Nº 71 ""JOSÉ R- MARIÑO""",Escuela Nº 71 JOSÉ R MARIÑO
290,"ESC- Nº 495 ""PCIA- DE LA RIOJA""",Escuela Nº 495 Provincia DE LA RIOJA
291,"ESC- N° 106 ""ISLAS MALVINAS""",Escuela N 106 ISLAS MALVINAS
292,"ESC- Nº 107 ""O- M- DE MEZA""",Escuela Nº 107 O M DE MEZA
293,"ESC- TÉCNICA ""ING- R- CARRANZA""",Escuela TÉCNICA ING R CARRANZA
294,"ESC- Nº 64 ""JOSÉ LUIS OLIVARI""",Escuela Nº 64 JOSÉ LUIS OLIVARI
295,"ESC- Nº 244 ""ARMADA ARGENTINA""",Escuela Nº 244 ARMADA ARGENTINA
296,ESC- Nº 871,Escuela Nº 871
297,"ESC- Nº 419 ""GUARDA COSTAS RÍO IGUAZÚ""",Escuela Nº 419 GUARDA COSTAS RÍO IGUAZÚ
298,"ESC- Nº 752 ""PREFECTURA NAVAL ARGENTINA""",Escuela Nº 752 PREFECTURA NAVAL ARGENTINA
299,"ESC- Nº 418 ""AMÉRICO BOSCHETTI""",Escuela Nº 418 AMÉRICO BOSCHETTI
300,COL- SEC- DE SAN CARLOS,Colegio SEC DE SAN CARLOS
301,"COLEGIO ""ANTONIO BIALE""",COLEGIO ANTONIO BIALE
302,"ESC- Nº 165 ""HÉROES CORRENTINOS""",Escuela Nº 165 HÉROES CORRENTINOS
303,"ESCUELA NORMAL ""ESTEBAN ECHEVERRÍA""",ESCUELA NORMAL ESTEBAN ECHEVERRÍA
304,"ESC- Nº 656 ""24 DE SEPTIEMBRE""",Escuela Nº 656 24 DE SEPTIEMBRE
305,"ESC- Nº 143 ""PEDRO CELESTINO REYNA""",Escuela Nº 143 PEDRO CELESTINO REYNA
306,"ESC- Nº 661 ""ALBA DÍAZ DE TORIGINO""",Escuela Nº 661 ALBA DÍAZ DE TORIGINO
307,"ESC- Nº 970 ""JOSEFA PAMPIN DE FONSECA""",Escuela Nº 970 JOSEFA PAMPIN DE FONSECA
308,ESC- Nº 272,Escuela Nº 272
309,"ESC- Nº 102 ""NICOLÁS GALLARDO""",Escuela Nº 102 NICOLÁS GALLARDO
310,"ESC- NORMAL SEC- ""PROF- R- M- GÓMEZ""",Escuela NORMAL SEC PROF R M GÓMEZ
311,"ESC- Nº 499 ""F- ANTONIO RIZZUTO""",Escuela Nº 499 F ANTONIO RIZZUTO
312,"ESC- Nº 105 ""PEDRO MATOSO""",Escuela Nº 105 PEDRO MATOSO
313,"ESC- SEC- ""ESCR- PEDRO LECONTE""",Escuela SEC ESCR PEDRO LECONTE
314,"ESC- Nº 422 ""DR- HUGO GAUNA""",Escuela Nº 422 Doctor HUGO GAUNA
315,"ESC- Nº 608 ""SAGRADO CORAZÓN DE JESÚS""",Escuela Nº 608 SAGRADO CORAZÓN DE JESÚS
316,ESC- Nº 776,Escuela Nº 776
317,ESC- Nº 783,Escuela Nº 783
318,"ESC- Nº 423 ""SUP- A- CANO DE LOTERO""",Escuela Nº 423 SUP A CANO DE LOTERO
319,"ESC- N- SUP- 1ER- TTE- ""MIGUEL A- GIMÉNEZ""",Escuela N SUP 1ER Teniente MIGUEL A GIMÉNEZ
320,"ESC- Nº 975 ""B- MARÍA GUTIÉRREZ""",Escuela Nº 975 B MARÍA GUTIÉRREZ
321,"ESC- COMERCIAL ""DR- MAMERTO ACUÑA""",Escuela COMERCIAL Doctor MAMERTO ACUÑA
322,"ESC- Nº 123 ""JOSÉ CARMELO BELMONT""",Escuela Nº 123 JOSÉ CARMELO BELMONT
323,ESC- Nº 686,Escuela Nº 686
324,"ESC- Nº 483 ""LORENZA PIÑEYRO DE RAMOS""",Escuela Nº 483 LORENZA PIÑEYRO DE RAMOS
325,"ESC- Nº 129 ""MELCHOR JULIÁN MEZA""",Escuela Nº 129 MELCHOR JULIÁN MEZA
326,"ESC- Nº 130 ""ROSARIO VERA PEÑALOZA""",Escuela Nº 130 ROSARIO VERA PEÑALOZA
327,"COL- SECUNDARIO ""LORETO""",Colegio SECUNDARIO LORETO
328,"ESC- NORMAL SUP- ""DR- PEDRO BONASTRE""",Escuela NORMAL SUP Doctor PEDRO BONASTRE
329,"ESC- Nº 676 ""DIRECTORA BALBINA NIELLA""",Escuela Nº 676 DIRECTORA BALBINA NIELLA
330,"ESC- Nº 496 ""SANTIAGO MARÍA NIELLA""",Escuela Nº 496 SANTIAGO MARÍA NIELLA
331,"ESC- Nº 497 ""LETICIA MARTÍNEZ DE VALLEJOS""",Escuela Nº 497 LETICIA MARTÍNEZ DE VALLEJOS
332,"ESC- PRIMARIA Nº 27 ""PAGO LARGO""",Escuela PRIMARIA Nº 27 PAGO LARGO
333,ESC- Nº 149,Escuela Nº 149
